date,home_team,away_team,home_score,away_score,win_conditions,home_team_rank,home_team_points,home_team_previous_points,away_team_rank,away_team_points,away_team_previous_points
1930-07-13,France,Mexico,4.0,1.0, ,4,1759.78,1764.85,13,1644.89,1649.57
1930-07-13,USA,Belgium,3.0,0.0, ,16,1627.48,1635.01,2,1816.71,1821.92
1930-07-14,Yugoslavia,Brazil,2.0,1.0, ,6,64.0,64.0,1,1841.3,1837.56
1930-07-14,Romania,Peru,3.0,1.0, ,53,1434.68,1427.84,23,1561.01,1562.24
1930-07-15,Argentina,France,1.0,0.0, ,3,1773.88,1770.65,4,1759.78,1764.85
1930-07-16,Chile,Mexico,3.0,0.0, ,29,1509.61,1514.86,13,1644.89,1649.57
1930-07-17,Yugoslavia,Bolivia,4.0,0.0, ,6,64.0,64.0,82,1296.28,1298.81
1930-07-17,USA,Paraguay,3.0,0.0, ,16,1627.48,1635.01,47,1448.77,1440.13
1930-07-18,Uruguay,Peru,1.0,0.0, ,14,1638.71,1640.95,23,1561.01,1562.24
1930-07-19,Chile,France,1.0,0.0, ,29,1509.61,1514.86,4,1759.78,1764.85
1930-07-19,Argentina,Mexico,6.0,3.0, ,3,1773.88,1770.65,13,1644.89,1649.57
1930-07-20,Brazil,Bolivia,4.0,0.0, ,1,1841.3,1837.56,82,1296.28,1298.81
1930-07-20,Paraguay,Belgium,1.0,0.0, ,47,1448.77,1440.13,2,1816.71,1821.92
1930-07-21,Uruguay,Romania,4.0,0.0, ,14,1638.71,1640.95,53,1434.68,1427.84
1930-07-22,Argentina,Chile,3.0,1.0, ,3,1773.88,1770.65,29,1509.61,1514.86
1930-07-26,Argentina,USA,6.0,1.0, ,3,1773.88,1770.65,16,1627.48,1635.01
1930-07-27,Uruguay,Yugoslavia,6.0,1.0, ,14,1638.71,1640.95,6,64.0,64.0
1930-07-30,Uruguay,Argentina,4.0,2.0, ,14,1638.71,1640.95,3,1773.88,1770.65
1934-05-27,Austria,France,3.0,2.0,Austria win after extra time ,34,1492.95,1502.47,4,1759.78,1764.85
1934-05-27,Hungary,Egypt,4.0,2.0, ,36,1492.2,1486.76,39,1486.44,1482.63
1934-05-27,Switzerland,Netherlands,3.0,2.0, ,15,1635.92,1621.43,8,1694.51,1679.41
1934-05-27,Sweden,Argentina,3.0,2.0, ,25,1553.33,1563.44,3,1773.88,1770.65
1934-05-27,Germany,Belgium,5.0,2.0, ,11,1650.21,1658.96,2,1816.71,1821.92
1934-05-27,Spain,Brazil,3.0,1.0, ,7,1715.22,1716.93,1,1841.3,1837.56
1934-05-27,Italy,USA,7.0,1.0, ,6,1726.14,1713.86,16,1627.48,1635.01
1934-05-27,Czechoslovakia,Romania,2.0,1.0, ,64,24.0,24.0,53,1434.68,1427.84
1934-05-31,Czechoslovakia,Switzerland,3.0,2.0, ,64,24.0,24.0,15,1635.92,1621.43
1934-05-31,Germany,Sweden,2.0,1.0, ,11,1650.21,1658.96,25,1553.33,1563.44
1934-05-31,Italy,Spain,1.0,1.0, ,6,1726.14,1713.86,7,1715.22,1716.93
1934-05-31,Austria,Hungary,2.0,1.0, ,34,1492.95,1502.47,36,1492.2,1486.76
1934-06-01,Italy,Spain,1.0,0.0, ,6,1726.14,1713.86,7,1715.22,1716.93
1934-06-03,Italy,Austria,1.0,0.0, ,6,1726.14,1713.86,34,1492.95,1502.47
1934-06-03,Czechoslovakia,Germany,3.0,1.0, ,64,24.0,24.0,11,1650.21,1658.96
1934-06-07,Germany,Austria,3.0,2.0, ,11,1650.21,1658.96,34,1492.95,1502.47
1934-06-10,Italy,Czechoslovakia,2.0,1.0,Italy win after extra time ,6,1726.14,1713.86,64,24.0,24.0
1938-06-04,Switzerland,Germany,1.0,1.0, ,15,1635.92,1621.43,11,1650.21,1658.96
1938-06-05,Hungary,Indonesia,6.0,0.0, ,36,1492.2,1486.76,152,1033.9,1019.19
1938-06-05,France,Belgium,3.0,1.0, ,4,1759.78,1764.85,2,1816.71,1821.92
1938-06-05,Cuba,Romania,3.0,3.0, ,167,978.65,978.65,53,1434.68,1427.84
1938-06-05,Italy,Norway,2.0,1.0,Italy win after extra time ,6,1726.14,1713.86,42,1473.04,1488.57
1938-06-05,Brazil,Poland,6.0,5.0,Brazil win after extra time ,1,1841.3,1837.56,26,1548.59,1546.18
1938-06-05,Czechoslovakia,Netherlands,3.0,0.0,Czechoslovakia win after extra time ,64,24.0,24.0,8,1694.51,1679.41
1938-06-09,Cuba,Romania,2.0,1.0, ,167,978.65,978.65,53,1434.68,1427.84
1938-06-09,Switzerland,Germany,4.0,2.0, ,15,1635.92,1621.43,11,1650.21,1658.96
1938-06-12,Brazil,Czechoslovakia,1.0,1.0, ,1,1841.3,1837.56,64,24.0,24.0
1938-06-12,Hungary,Switzerland,2.0,0.0, ,36,1492.2,1486.76,15,1635.92,1621.43
1938-06-12,Sweden,Cuba,8.0,0.0, ,25,1553.33,1563.44,167,978.65,978.65
1938-06-12,Italy,France,3.0,1.0, ,6,1726.14,1713.86,4,1759.78,1764.85
1938-06-14,Brazil,Czechoslovakia,2.0,1.0, ,1,1841.3,1837.56,64,24.0,24.0
1938-06-16,Hungary,Sweden,5.0,1.0, ,36,1492.2,1486.76,25,1553.33,1563.44
1938-06-16,Italy,Brazil,2.0,1.0, ,6,1726.14,1713.86,1,1841.3,1837.56
1938-06-19,Brazil,Sweden,4.0,2.0, ,1,1841.3,1837.56,25,1553.33,1563.44
1938-06-19,Italy,Hungary,4.0,2.0, ,6,1726.14,1713.86,36,1492.2,1486.76
1950-06-24,Brazil,Mexico,4.0,0.0, ,1,1841.3,1837.56,13,1644.89,1649.57
1950-06-25,England,Chile,2.0,0.0, ,5,1728.47,1737.46,29,1509.61,1514.86
1950-06-25,Spain,USA,3.0,1.0, ,7,1715.22,1716.93,16,1627.48,1635.01
1950-06-25,Sweden,Italy,3.0,2.0, ,25,1553.33,1563.44,6,1726.14,1713.86
1950-06-25,Yugoslavia,Switzerland,3.0,0.0, ,6,64.0,64.0,15,1635.92,1621.43
1950-06-28,Brazil,Switzerland,2.0,2.0, ,1,1841.3,1837.56,15,1635.92,1621.43
1950-06-28,Yugoslavia,Mexico,4.0,1.0, ,6,64.0,64.0,13,1644.89,1649.57
1950-06-29,Spain,Chile,2.0,0.0, ,7,1715.22,1716.93,29,1509.61,1514.86
1950-06-29,Sweden,Paraguay,2.0,2.0, ,25,1553.33,1563.44,47,1448.77,1440.13
1950-06-29,USA,England,1.0,0.0, ,16,1627.48,1635.01,5,1728.47,1737.46
1950-07-01,Brazil,Yugoslavia,2.0,0.0, ,1,1841.3,1837.56,6,64.0,64.0
1950-07-02,Spain,England,1.0,0.0, ,7,1715.22,1716.93,5,1728.47,1737.46
1950-07-02,Italy,Paraguay,2.0,0.0, ,6,1726.14,1713.86,47,1448.77,1440.13
1950-07-02,Uruguay,Bolivia,8.0,0.0, ,14,1638.71,1640.95,82,1296.28,1298.81
1950-07-02,Switzerland,Mexico,2.0,1.0, ,15,1635.92,1621.43,13,1644.89,1649.57
1950-07-02,Chile,USA,5.0,2.0, ,29,1509.61,1514.86,16,1627.48,1635.01
1950-07-09,Uruguay,Spain,2.0,2.0, ,14,1638.71,1640.95,7,1715.22,1716.93
1950-07-09,Brazil,Sweden,7.0,1.0, ,1,1841.3,1837.56,25,1553.33,1563.44
1950-07-13,Brazil,Spain,6.0,1.0, ,1,1841.3,1837.56,7,1715.22,1716.93
1950-07-13,Uruguay,Sweden,3.0,2.0, ,14,1638.71,1640.95,25,1553.33,1563.44
1950-07-16,Sweden,Spain,3.0,1.0, ,25,1553.33,1563.44,7,1715.22,1716.93
1950-07-16,Uruguay,Brazil,2.0,1.0, ,14,1638.71,1640.95,1,1841.3,1837.56
1954-06-16,Uruguay,Czechoslovakia,2.0,0.0, ,14,1638.71,1640.95,64,24.0,24.0
1954-06-16,Austria,Scotland,1.0,0.0, ,34,1492.95,1502.47,40,1479.53,1462.96
1954-06-16,Brazil,Mexico,5.0,0.0, ,1,1841.3,1837.56,13,1644.89,1649.57
1954-06-16,Yugoslavia,France,1.0,0.0, ,6,64.0,64.0,4,1759.78,1764.85
1954-06-17,Germany,Turkey,4.0,1.0, ,11,1650.21,1658.96,45,1460.14,1475.13
1954-06-17,Hungary,Korea Republic,9.0,0.0, ,36,1492.2,1486.76,28,1530.3,1526.02
1954-06-17,England,Belgium,4.0,4.0, ,5,1728.47,1737.46,2,1816.71,1821.92
1954-06-17,Switzerland,Italy,2.0,1.0, ,15,1635.92,1621.43,6,1726.14,1713.86
1954-06-19,Uruguay,Scotland,7.0,0.0, ,14,1638.71,1640.95,40,1479.53,1462.96
1954-06-19,Austria,Czechoslovakia,5.0,0.0, ,34,1492.95,1502.47,64,24.0,24.0
1954-06-19,France,Mexico,3.0,2.0, ,4,1759.78,1764.85,13,1644.89,1649.57
1954-06-19,Brazil,Yugoslavia,1.0,1.0, ,1,1841.3,1837.56,6,64.0,64.0
1954-06-20,Hungary,Germany,8.0,3.0, ,36,1492.2,1486.76,11,1650.21,1658.96
1954-06-20,Turkey,Korea Republic,7.0,0.0, ,45,1460.14,1475.13,28,1530.3,1526.02
1954-06-20,England,Switzerland,2.0,0.0, ,5,1728.47,1737.46,15,1635.92,1621.43
1954-06-20,Italy,Belgium,4.0,1.0, ,6,1726.14,1713.86,2,1816.71,1821.92
1954-06-23,Germany,Turkey,7.0,2.0, ,11,1650.21,1658.96,45,1460.14,1475.13
1954-06-23,Switzerland,Italy,4.0,1.0, ,15,1635.92,1621.43,6,1726.14,1713.86
1954-06-26,Uruguay,England,4.0,2.0, ,14,1638.71,1640.95,5,1728.47,1737.46
1954-06-26,Austria,Switzerland,7.0,5.0, ,34,1492.95,1502.47,15,1635.92,1621.43
1954-06-27,Germany,Yugoslavia,2.0,0.0, ,11,1650.21,1658.96,6,64.0,64.0
1954-06-27,Hungary,Brazil,4.0,2.0, ,36,1492.2,1486.76,1,1841.3,1837.56
1954-06-30,Germany,Austria,6.0,1.0, ,11,1650.21,1658.96,34,1492.95,1502.47
1954-06-30,Hungary,Uruguay,4.0,2.0,Hungary win after extra time ,36,1492.2,1486.76,14,1638.71,1640.95
1954-07-03,Austria,Uruguay,3.0,1.0, ,34,1492.95,1502.47,14,1638.71,1640.95
1954-07-04,Germany,Hungary,3.0,2.0, ,11,1650.21,1658.96,36,1492.2,1486.76
1958-06-08,Sweden,Mexico,3.0,0.0, ,25,1553.33,1563.44,13,1644.89,1649.57
1958-06-08,Russia,England,2.0,2.0, ,33,1496.11,1493.42,5,1728.47,1737.46
1958-06-08,Argentina,Germany,1.0,3.0, ,3,1773.88,1770.65,11,1650.21,1658.96
1958-06-08,Hungary,Wales,1.0,1.0, ,36,1492.2,1486.76,19,1569.82,1582.13
1958-06-08,France,Paraguay,7.0,3.0, ,4,1759.78,1764.85,47,1448.77,1440.13
1958-06-08,Yugoslavia,Scotland,1.0,1.0, ,6,64.0,64.0,40,1479.53,1462.96
1958-06-08,Brazil,Austria,3.0,0.0, ,1,1841.3,1837.56,34,1492.95,1502.47
1958-06-08,Northern Ireland,Czechoslovakia,1.0,0.0, ,59,1396.55,1399.1,64,24.0,24.0
1958-06-11,Brazil,England,0.0,0.0, ,1,1841.3,1837.56,5,1728.47,1737.46
1958-06-11,Mexico,Wales,1.0,1.0, ,13,1644.89,1649.57,19,1569.82,1582.13
1958-06-11,Paraguay,Scotland,3.0,2.0, ,47,1448.77,1440.13,40,1479.53,1462.96
1958-06-11,Yugoslavia,France,3.0,2.0, ,6,64.0,64.0,4,1759.78,1764.85
1958-06-11,Russia,Austria,2.0,0.0, ,33,1496.11,1493.42,34,1492.95,1502.47
1958-06-11,Germany,Czechoslovakia,2.0,2.0, ,11,1650.21,1658.96,64,24.0,24.0
1958-06-11,Argentina,Northern Ireland,3.0,1.0, ,3,1773.88,1770.65,59,1396.55,1399.1
1958-06-12,Sweden,Hungary,2.0,1.0, ,25,1553.33,1563.44,36,1492.2,1486.76
1958-06-15,Sweden,Wales,0.0,0.0, ,25,1553.33,1563.44,19,1569.82,1582.13
1958-06-15,Brazil,Russia,2.0,0.0, ,1,1841.3,1837.56,33,1496.11,1493.42
1958-06-15,Germany,Northern Ireland,2.0,2.0, ,11,1650.21,1658.96,59,1396.55,1399.1
1958-06-15,Hungary,Mexico,4.0,0.0, ,36,1492.2,1486.76,13,1644.89,1649.57
1958-06-15,Paraguay,Yugoslavia,3.0,3.0, ,47,1448.77,1440.13,6,64.0,64.0
1958-06-15,France,Scotland,2.0,1.0, ,4,1759.78,1764.85,40,1479.53,1462.96
1958-06-15,England,Austria,2.0,2.0, ,5,1728.47,1737.46,34,1492.95,1502.47
1958-06-15,Czechoslovakia,Argentina,6.0,1.0, ,64,24.0,24.0,3,1773.88,1770.65
1958-06-17,Russia,England,1.0,0.0, ,33,1496.11,1493.42,5,1728.47,1737.46
1958-06-17,Northern Ireland,Czechoslovakia,2.0,1.0,Northern Ireland win after extra time ,59,1396.55,1399.1,64,24.0,24.0
1958-06-17,Wales,Hungary,2.0,1.0, ,19,1569.82,1582.13,36,1492.2,1486.76
1958-06-19,Brazil,Wales,1.0,0.0, ,1,1841.3,1837.56,19,1569.82,1582.13
1958-06-19,Germany,Yugoslavia,1.0,0.0, ,11,1650.21,1658.96,6,64.0,64.0
1958-06-19,Sweden,Russia,2.0,0.0, ,25,1553.33,1563.44,33,1496.11,1493.42
1958-06-19,France,Northern Ireland,4.0,0.0, ,4,1759.78,1764.85,59,1396.55,1399.1
1958-06-24,Sweden,Germany,3.0,1.0, ,25,1553.33,1563.44,11,1650.21,1658.96
1958-06-24,Brazil,France,5.0,2.0, ,1,1841.3,1837.56,4,1759.78,1764.85
1958-06-28,France,Germany,6.0,3.0, ,4,1759.78,1764.85,11,1650.21,1658.96
1958-06-29,Brazil,Sweden,5.0,2.0, ,1,1841.3,1837.56,25,1553.33,1563.44
1962-05-30,Uruguay,Colombia,2.0,1.0, ,14,1638.71,1640.95,17,1611.04,1604.07
1962-05-30,Brazil,Mexico,2.0,0.0, ,1,1841.3,1837.56,13,1644.89,1649.57
1962-05-30,Argentina,Bulgaria,1.0,0.0, ,3,1773.88,1770.65,72,1335.36,1325.16
1962-05-30,Chile,Switzerland,3.0,1.0, ,29,1509.61,1514.86,15,1635.92,1621.43
1962-05-31,Russia,Yugoslavia,2.0,0.0, ,33,1496.11,1493.42,6,64.0,64.0
1962-05-31,Czechoslovakia,Spain,1.0,0.0, ,64,24.0,24.0,7,1715.22,1716.93
1962-05-31,Hungary,England,2.0,1.0, ,36,1492.2,1486.76,5,1728.47,1737.46
1962-05-31,Germany,Italy,0.0,0.0, ,11,1650.21,1658.96,6,1726.14,1713.86
1962-06-02,Yugoslavia,Uruguay,3.0,1.0, ,6,64.0,64.0,14,1638.71,1640.95
1962-06-02,Brazil,Czechoslovakia,0.0,0.0, ,1,1841.3,1837.56,64,24.0,24.0
1962-06-02,England,Argentina,3.0,1.0, ,5,1728.47,1737.46,3,1773.88,1770.65
1962-06-02,Chile,Italy,2.0,0.0, ,29,1509.61,1514.86,6,1726.14,1713.86
1962-06-03,Russia,Colombia,4.0,4.0, ,33,1496.11,1493.42,17,1611.04,1604.07
1962-06-03,Spain,Mexico,1.0,0.0, ,7,1715.22,1716.93,13,1644.89,1649.57
1962-06-03,Hungary,Bulgaria,6.0,1.0, ,36,1492.2,1486.76,72,1335.36,1325.16
1962-06-03,Germany,Switzerland,2.0,1.0, ,11,1650.21,1658.96,15,1635.92,1621.43
1962-06-06,Russia,Uruguay,2.0,1.0, ,33,1496.11,1493.42,14,1638.71,1640.95
1962-06-06,Brazil,Spain,2.0,1.0, ,1,1841.3,1837.56,7,1715.22,1716.93
1962-06-06,Hungary,Argentina,0.0,0.0, ,36,1492.2,1486.76,3,1773.88,1770.65
1962-06-06,Germany,Chile,2.0,0.0, ,11,1650.21,1658.96,29,1509.61,1514.86
1962-06-07,Yugoslavia,Colombia,5.0,0.0, ,6,64.0,64.0,17,1611.04,1604.07
1962-06-07,Mexico,Czechoslovakia,3.0,1.0, ,13,1644.89,1649.57,64,24.0,24.0
1962-06-07,England,Bulgaria,0.0,0.0, ,5,1728.47,1737.46,72,1335.36,1325.16
1962-06-07,Italy,Switzerland,3.0,0.0, ,6,1726.14,1713.86,15,1635.92,1621.43
1962-06-10,Chile,Russia,2.0,1.0, ,29,1509.61,1514.86,33,1496.11,1493.42
1962-06-10,Brazil,England,3.0,1.0, ,1,1841.3,1837.56,5,1728.47,1737.46
1962-06-10,Czechoslovakia,Hungary,1.0,0.0, ,64,24.0,24.0,36,1492.2,1486.76
1962-06-10,Yugoslavia,Germany,1.0,0.0, ,6,64.0,64.0,11,1650.21,1658.96
1962-06-13,Czechoslovakia,Yugoslavia,3.0,1.0, ,64,24.0,24.0,6,64.0,64.0
1962-06-13,Brazil,Chile,4.0,2.0, ,1,1841.3,1837.56,29,1509.61,1514.86
1962-06-16,Chile,Yugoslavia,1.0,0.0, ,29,1509.61,1514.86,6,64.0,64.0
1962-06-17,Brazil,Czechoslovakia,3.0,1.0, ,1,1841.3,1837.56,64,24.0,24.0
1966-07-11,England,Uruguay,0.0,0.0, ,5,1728.47,1737.46,14,1638.71,1640.95
1966-07-12,Germany,Switzerland,5.0,0.0, ,11,1650.21,1658.96,15,1635.92,1621.43
1966-07-12,Brazil,Bulgaria,2.0,0.0, ,1,1841.3,1837.56,72,1335.36,1325.16
1966-07-12,Russia,Korea DPR,3.0,0.0, ,33,1496.11,1493.42,112,1169.96,1169.96
1966-07-13,France,Mexico,1.0,1.0, ,4,1759.78,1764.85,13,1644.89,1649.57
1966-07-13,Portugal,Hungary,3.0,1.0, ,9,1676.56,1678.65,36,1492.2,1486.76
1966-07-13,Argentina,Spain,2.0,1.0, ,3,1773.88,1770.65,7,1715.22,1716.93
1966-07-13,Italy,Chile,2.0,0.0, ,6,1726.14,1713.86,29,1509.61,1514.86
1966-07-15,Uruguay,France,2.0,1.0, ,14,1638.71,1640.95,4,1759.78,1764.85
1966-07-15,Spain,Switzerland,2.0,1.0, ,7,1715.22,1716.93,15,1635.92,1621.43
1966-07-15,Hungary,Brazil,3.0,1.0, ,36,1492.2,1486.76,1,1841.3,1837.56
1966-07-15,Korea DPR,Chile,1.0,1.0, ,112,1169.96,1169.96,29,1509.61,1514.86
1966-07-16,Portugal,Bulgaria,3.0,0.0, ,9,1676.56,1678.65,72,1335.36,1325.16
1966-07-16,Germany,Argentina,0.0,0.0, ,11,1650.21,1658.96,3,1773.88,1770.65
1966-07-16,Russia,Italy,1.0,0.0, ,33,1496.11,1493.42,6,1726.14,1713.86
1966-07-16,England,Mexico,2.0,0.0, ,5,1728.47,1737.46,13,1644.89,1649.57
1966-07-19,Uruguay,Mexico,0.0,0.0, ,14,1638.71,1640.95,13,1644.89,1649.57
1966-07-19,Argentina,Switzerland,2.0,0.0, ,3,1773.88,1770.65,15,1635.92,1621.43
1966-07-19,Portugal,Brazil,3.0,1.0, ,9,1676.56,1678.65,1,1841.3,1837.56
1966-07-19,Korea DPR,Italy,1.0,0.0, ,112,1169.96,1169.96,6,1726.14,1713.86
1966-07-20,England,France,2.0,0.0, ,5,1728.47,1737.46,4,1759.78,1764.85
1966-07-20,Hungary,Bulgaria,3.0,1.0, ,36,1492.2,1486.76,72,1335.36,1325.16
1966-07-20,Germany,Spain,2.0,1.0, ,11,1650.21,1658.96,7,1715.22,1716.93
1966-07-20,Russia,Chile,2.0,1.0, ,33,1496.11,1493.42,29,1509.61,1514.86
1966-07-23,England,Argentina,1.0,0.0, ,5,1728.47,1737.46,3,1773.88,1770.65
1966-07-23,Germany,Uruguay,4.0,0.0, ,11,1650.21,1658.96,14,1638.71,1640.95
1966-07-23,Russia,Hungary,2.0,1.0, ,33,1496.11,1493.42,36,1492.2,1486.76
1966-07-23,Portugal,Korea DPR,5.0,3.0, ,9,1676.56,1678.65,112,1169.96,1169.96
1966-07-25,Germany,Russia,2.0,1.0, ,11,1650.21,1658.96,33,1496.11,1493.42
1966-07-26,England,Portugal,2.0,1.0, ,5,1728.47,1737.46,9,1676.56,1678.65
1966-07-28,Portugal,Russia,2.0,1.0, ,9,1676.56,1678.65,33,1496.11,1493.42
1966-07-30,England,Germany,4.0,2.0,England win after extra time ,5,1728.47,1737.46,11,1650.21,1658.96
1970-05-31,Mexico,Russia,0.0,0.0, ,13,1644.89,1649.57,33,1496.11,1493.42
1970-06-02,Uruguay,Israel,2.0,0.0, ,14,1638.71,1640.95,76,1316.55,1316.35
1970-06-02,Peru,Bulgaria,3.0,2.0, ,23,1561.01,1562.24,72,1335.36,1325.16
1970-06-02,England,Romania,1.0,0.0, ,5,1728.47,1737.46,53,1434.68,1427.84
1970-06-03,Italy,Sweden,1.0,0.0, ,6,1726.14,1713.86,25,1553.33,1563.44
1970-06-03,Germany,Morocco,2.0,1.0, ,11,1650.21,1658.96,22,1563.5,1558.35
1970-06-03,Brazil,Czechoslovakia,4.0,1.0, ,1,1841.3,1837.56,64,24.0,24.0
1970-06-03,Belgium,El Salvador,3.0,0.0, ,2,1816.71,1821.92,74,1330.51,1333.48
1970-06-06,Uruguay,Italy,0.0,0.0, ,14,1638.71,1640.95,6,1726.14,1713.86
1970-06-06,Peru,Morocco,3.0,0.0, ,23,1561.01,1562.24,22,1563.5,1558.35
1970-06-06,Romania,Czechoslovakia,2.0,1.0, ,53,1434.68,1427.84,64,24.0,24.0
1970-06-06,Russia,Belgium,4.0,1.0, ,33,1496.11,1493.42,2,1816.71,1821.92
1970-06-07,Sweden,Israel,1.0,1.0, ,25,1553.33,1563.44,76,1316.55,1316.35
1970-06-07,Germany,Bulgaria,5.0,2.0, ,11,1650.21,1658.96,72,1335.36,1325.16
1970-06-07,Brazil,England,1.0,0.0, ,1,1841.3,1837.56,5,1728.47,1737.46
1970-06-07,Mexico,El Salvador,4.0,0.0, ,13,1644.89,1649.57,74,1330.51,1333.48
1970-06-10,Sweden,Uruguay,1.0,0.0, ,25,1553.33,1563.44,14,1638.71,1640.95
1970-06-10,Germany,Peru,3.0,1.0, ,11,1650.21,1658.96,23,1561.01,1562.24
1970-06-10,Brazil,Romania,3.0,2.0, ,1,1841.3,1837.56,53,1434.68,1427.84
1970-06-10,Russia,El Salvador,2.0,0.0, ,33,1496.11,1493.42,74,1330.51,1333.48
1970-06-11,Italy,Israel,0.0,0.0, ,6,1726.14,1713.86,76,1316.55,1316.35
1970-06-11,Bulgaria,Morocco,1.0,1.0, ,72,1335.36,1325.16,22,1563.5,1558.35
1970-06-11,England,Czechoslovakia,1.0,0.0, ,5,1728.47,1737.46,64,24.0,24.0
1970-06-11,Mexico,Belgium,1.0,0.0, ,13,1644.89,1649.57,2,1816.71,1821.92
1970-06-14,Italy,Mexico,4.0,1.0, ,6,1726.14,1713.86,13,1644.89,1649.57
1970-06-14,Germany,England,3.0,2.0,Germany FR win after extra time ,11,1650.21,1658.96,5,1728.47,1737.46
1970-06-14,Brazil,Peru,4.0,2.0, ,1,1841.3,1837.56,23,1561.01,1562.24
1970-06-14,Uruguay,Russia,1.0,0.0,Uruguay win after extra time ,14,1638.71,1640.95,33,1496.11,1493.42
1970-06-17,Brazil,Uruguay,3.0,1.0, ,1,1841.3,1837.56,14,1638.71,1640.95
1970-06-17,Italy,Germany,4.0,3.0,Italy win after extra time ,6,1726.14,1713.86,11,1650.21,1658.96
1970-06-20,Germany,Uruguay,1.0,0.0, ,11,1650.21,1658.96,14,1638.71,1640.95
1970-06-21,Brazil,Italy,4.0,1.0, ,1,1841.3,1837.56,6,1726.14,1713.86
1974-06-13,Brazil,Yugoslavia,0.0,0.0, ,1,1841.3,1837.56,6,64.0,64.0
1974-06-14,Germany,Chile,1.0,0.0, ,11,1650.21,1658.96,29,1509.61,1514.86
1974-06-14,German DR,Australia,2.0,0.0, ,45,0.0,0.0,38,1488.72,1483.73
1974-06-14,Congo DR,Scotland,0.0,2.0, ,73,1333.92,1332.84,40,1479.53,1462.96
1974-06-15,Uruguay,Netherlands,0.0,2.0, ,14,1638.71,1640.95,8,1694.51,1679.41
1974-06-15,Sweden,Bulgaria,0.0,0.0, ,25,1553.33,1563.44,72,1335.36,1325.16
1974-06-15,Italy,Haiti,3.0,1.0, ,6,1726.14,1713.86,87,1269.07,1269.07
1974-06-15,Poland,Argentina,3.0,2.0, ,26,1548.59,1546.18,3,1773.88,1770.65
1974-06-18,Australia,Germany,0.0,3.0, ,38,1488.72,1483.73,11,1650.21,1658.96
1974-06-18,Scotland,Brazil,0.0,0.0, ,40,1479.53,1462.96,1,1841.3,1837.56
1974-06-18,Chile,German DR,1.0,1.0, ,29,1509.61,1514.86,45,0.0,0.0
1974-06-18,Yugoslavia,Congo DR,9.0,0.0, ,6,64.0,64.0,73,1333.92,1332.84
1974-06-19,Netherlands,Sweden,0.0,0.0, ,8,1694.51,1679.41,25,1553.33,1563.44
1974-06-19,Bulgaria,Uruguay,1.0,1.0, ,72,1335.36,1325.16,14,1638.71,1640.95
1974-06-19,Haiti,Poland,0.0,7.0, ,87,1269.07,1269.07,26,1548.59,1546.18
1974-06-19,Argentina,Italy,1.0,1.0, ,3,1773.88,1770.65,6,1726.14,1713.86
1974-06-22,Scotland,Yugoslavia,1.0,1.0, ,40,1479.53,1462.96,6,64.0,64.0
1974-06-22,Australia,Chile,0.0,0.0, ,38,1488.72,1483.73,29,1509.61,1514.86
1974-06-22,Congo DR,Brazil,0.0,3.0, ,73,1333.92,1332.84,1,1841.3,1837.56
1974-06-22,German DR,Germany,1.0,0.0, ,45,0.0,0.0,11,1650.21,1658.96
1974-06-23,Bulgaria,Netherlands,1.0,4.0, ,72,1335.36,1325.16,8,1694.51,1679.41
1974-06-23,Argentina,Haiti,4.0,1.0, ,3,1773.88,1770.65,87,1269.07,1269.07
1974-06-23,Sweden,Uruguay,3.0,0.0, ,25,1553.33,1563.44,14,1638.71,1640.95
1974-06-23,Poland,Italy,2.0,1.0, ,26,1548.59,1546.18,6,1726.14,1713.86
1974-06-26,Yugoslavia,Germany,0.0,2.0, ,6,64.0,64.0,11,1650.21,1658.96
1974-06-26,Brazil,German DR,1.0,0.0, ,1,1841.3,1837.56,45,0.0,0.0
1974-06-26,Netherlands,Argentina,4.0,0.0, ,8,1694.51,1679.41,3,1773.88,1770.65
1974-06-26,Sweden,Poland,0.0,1.0, ,25,1553.33,1563.44,26,1548.59,1546.18
1974-06-30,Argentina,Brazil,1.0,2.0, ,3,1773.88,1770.65,1,1841.3,1837.56
1974-06-30,Poland,Yugoslavia,2.0,1.0, ,26,1548.59,1546.18,6,64.0,64.0
1974-06-30,German DR,Netherlands,0.0,2.0, ,45,0.0,0.0,8,1694.51,1679.41
1974-06-30,Germany,Sweden,4.0,2.0, ,11,1650.21,1658.96,25,1553.33,1563.44
1974-07-03,Poland,Germany,0.0,1.0, ,26,1548.59,1546.18,11,1650.21,1658.96
1974-07-03,Netherlands,Brazil,2.0,0.0, ,8,1694.51,1679.41,1,1841.3,1837.56
1974-07-03,Argentina,German DR,1.0,1.0, ,3,1773.88,1770.65,45,0.0,0.0
1974-07-03,Sweden,Yugoslavia,2.0,1.0, ,25,1553.33,1563.44,6,64.0,64.0
1974-07-06,Brazil,Poland,0.0,1.0, ,1,1841.3,1837.56,26,1548.59,1546.18
1974-07-07,Netherlands,Germany,1.0,2.0, ,8,1694.51,1679.41,11,1650.21,1658.96
1978-06-01,Germany,Poland,0.0,0.0, ,11,1650.21,1658.96,26,1548.59,1546.18
1978-06-02,Italy,France,2.0,1.0, ,6,1726.14,1713.86,4,1759.78,1764.85
1978-06-02,Tunisia,Mexico,3.0,1.0, ,30,1507.54,1507.86,13,1644.89,1649.57
1978-06-02,Argentina,Hungary,2.0,1.0, ,3,1773.88,1770.65,36,1492.2,1486.76
1978-06-03,Sweden,Brazil,1.0,1.0, ,25,1553.33,1563.44,1,1841.3,1837.56
1978-06-03,Austria,Spain,2.0,1.0, ,34,1492.95,1502.47,7,1715.22,1716.93
1978-06-03,Peru,Scotland,3.0,1.0, ,23,1561.01,1562.24,40,1479.53,1462.96
1978-06-03,Netherlands,Iran,3.0,0.0, ,8,1694.51,1679.41,20,1564.61,1558.64
1978-06-06,Italy,Hungary,3.0,1.0, ,6,1726.14,1713.86,36,1492.2,1486.76
1978-06-06,Poland,Tunisia,1.0,0.0, ,26,1548.59,1546.18,30,1507.54,1507.86
1978-06-06,Germany,Mexico,6.0,0.0, ,11,1650.21,1658.96,13,1644.89,1649.57
1978-06-06,Argentina,France,2.0,1.0, ,3,1773.88,1770.65,4,1759.78,1764.85
1978-06-07,Brazil,Spain,0.0,0.0, ,1,1841.3,1837.56,7,1715.22,1716.93
1978-06-07,Austria,Sweden,1.0,0.0, ,34,1492.95,1502.47,25,1553.33,1563.44
1978-06-07,Scotland,Iran,1.0,1.0, ,40,1479.53,1462.96,20,1564.61,1558.64
1978-06-07,Netherlands,Peru,0.0,0.0, ,8,1694.51,1679.41,23,1561.01,1562.24
1978-06-10,France,Hungary,3.0,1.0, ,4,1759.78,1764.85,36,1492.2,1486.76
1978-06-10,Poland,Mexico,3.0,1.0, ,26,1548.59,1546.18,13,1644.89,1649.57
1978-06-10,Germany,Tunisia,0.0,0.0, ,11,1650.21,1658.96,30,1507.54,1507.86
1978-06-10,Italy,Argentina,1.0,0.0, ,6,1726.14,1713.86,3,1773.88,1770.65
1978-06-11,Brazil,Austria,1.0,0.0, ,1,1841.3,1837.56,34,1492.95,1502.47
1978-06-11,Spain,Sweden,1.0,0.0, ,7,1715.22,1716.93,25,1553.33,1563.44
1978-06-11,Peru,Iran,4.0,1.0, ,23,1561.01,1562.24,20,1564.61,1558.64
1978-06-11,Scotland,Netherlands,3.0,2.0, ,40,1479.53,1462.96,8,1694.51,1679.41
1978-06-14,Germany,Italy,0.0,0.0, ,11,1650.21,1658.96,6,1726.14,1713.86
1978-06-14,Netherlands,Austria,5.0,1.0, ,8,1694.51,1679.41,34,1492.95,1502.47
1978-06-14,Brazil,Peru,3.0,0.0, ,1,1841.3,1837.56,23,1561.01,1562.24
1978-06-14,Argentina,Poland,2.0,0.0, ,3,1773.88,1770.65,26,1548.59,1546.18
1978-06-18,Poland,Peru,1.0,0.0, ,26,1548.59,1546.18,23,1561.01,1562.24
1978-06-18,Italy,Austria,1.0,0.0, ,6,1726.14,1713.86,34,1492.95,1502.47
1978-06-18,Germany,Netherlands,2.0,2.0, ,11,1650.21,1658.96,8,1694.51,1679.41
1978-06-18,Argentina,Brazil,0.0,0.0, ,3,1773.88,1770.65,1,1841.3,1837.56
1978-06-21,Netherlands,Italy,2.0,1.0, ,8,1694.51,1679.41,6,1726.14,1713.86
1978-06-21,Austria,Germany,3.0,2.0, ,34,1492.95,1502.47,11,1650.21,1658.96
1978-06-21,Brazil,Poland,3.0,1.0, ,1,1841.3,1837.56,26,1548.59,1546.18
1978-06-21,Argentina,Peru,6.0,0.0, ,3,1773.88,1770.65,23,1561.01,1562.24
1978-06-24,Brazil,Italy,2.0,1.0, ,1,1841.3,1837.56,6,1726.14,1713.86
1978-06-25,Argentina,Netherlands,3.0,1.0,Argentina win after extra time ,3,1773.88,1770.65,8,1694.51,1679.41
1982-06-13,Argentina,Belgium,0.0,1.0, ,3,1773.88,1770.65,2,1816.71,1821.92
1982-06-14,Italy,Poland,0.0,0.0, ,6,1726.14,1713.86,26,1548.59,1546.18
1982-06-14,Brazil,Russia,2.0,1.0, ,1,1841.3,1837.56,33,1496.11,1493.42
1982-06-15,Peru,Cameroon,0.0,0.0, ,23,1561.01,1562.24,43,1471.44,1484.95
1982-06-15,Hungary,El Salvador,10.0,1.0, ,36,1492.2,1486.76,74,1330.51,1333.48
1982-06-15,Scotland,New Zealand,5.0,2.0, ,40,1479.53,1462.96,105,1193.98,1198.96
1982-06-16,Germany,Algeria,1.0,2.0, ,11,1650.21,1658.96,37,1489.1,1480.59
1982-06-16,England,France,3.0,1.0, ,5,1728.47,1737.46,4,1759.78,1764.85
1982-06-16,Spain,Honduras,1.0,1.0, ,7,1715.22,1716.93,80,1301.98,1299.69
1982-06-17,Chile,Austria,0.0,1.0, ,29,1509.61,1514.86,34,1492.95,1502.47
1982-06-17,Czechoslovakia,Kuwait,1.0,1.0, ,64,24.0,24.0,149,1053.41,1053.41
1982-06-17,Yugoslavia,Northern Ireland,0.0,0.0, ,6,64.0,64.0,59,1396.55,1399.1
1982-06-18,Italy,Peru,1.0,1.0, ,6,1726.14,1713.86,23,1561.01,1562.24
1982-06-18,Argentina,Hungary,4.0,1.0, ,3,1773.88,1770.65,36,1492.2,1486.76
1982-06-18,Brazil,Scotland,4.0,1.0, ,1,1841.3,1837.56,40,1479.53,1462.96
1982-06-19,Poland,Cameroon,0.0,0.0, ,26,1548.59,1546.18,43,1471.44,1484.95
1982-06-19,Belgium,El Salvador,1.0,0.0, ,2,1816.71,1821.92,74,1330.51,1333.48
1982-06-19,Russia,New Zealand,3.0,0.0, ,33,1496.11,1493.42,105,1193.98,1198.96
1982-06-20,Germany,Chile,4.0,1.0, ,11,1650.21,1658.96,29,1509.61,1514.86
1982-06-20,England,Czechoslovakia,2.0,0.0, ,5,1728.47,1737.46,64,24.0,24.0
1982-06-20,Spain,Yugoslavia,2.0,1.0, ,7,1715.22,1716.93,6,64.0,64.0
1982-06-21,Algeria,Austria,0.0,2.0, ,37,1489.1,1480.59,34,1492.95,1502.47
1982-06-21,France,Kuwait,4.0,1.0, ,4,1759.78,1764.85,149,1053.41,1053.41
1982-06-21,Honduras,Northern Ireland,1.0,1.0, ,80,1301.98,1299.69,59,1396.55,1399.1
1982-06-22,Poland,Peru,5.0,1.0, ,26,1548.59,1546.18,23,1561.01,1562.24
1982-06-22,Belgium,Hungary,1.0,1.0, ,2,1816.71,1821.92,36,1492.2,1486.76
1982-06-22,Russia,Scotland,2.0,2.0, ,33,1496.11,1493.42,40,1479.53,1462.96
1982-06-23,Italy,Cameroon,1.0,1.0, ,6,1726.14,1713.86,43,1471.44,1484.95
1982-06-23,Argentina,El Salvador,2.0,0.0, ,3,1773.88,1770.65,74,1330.51,1333.48
1982-06-23,Brazil,New Zealand,4.0,0.0, ,1,1841.3,1837.56,105,1193.98,1198.96
1982-06-24,Algeria,Chile,3.0,2.0, ,37,1489.1,1480.59,29,1509.61,1514.86
1982-06-24,France,Czechoslovakia,1.0,1.0, ,4,1759.78,1764.85,64,24.0,24.0
1982-06-24,Honduras,Yugoslavia,0.0,1.0, ,80,1301.98,1299.69,6,64.0,64.0
1982-06-25,Germany,Austria,1.0,0.0, ,11,1650.21,1658.96,34,1492.95,1502.47
1982-06-25,England,Kuwait,1.0,0.0, ,5,1728.47,1737.46,149,1053.41,1053.41
1982-06-25,Northern Ireland,Spain,1.0,0.0, ,59,1396.55,1399.1,7,1715.22,1716.93
1982-06-28,Austria,France,0.0,1.0, ,34,1492.95,1502.47,4,1759.78,1764.85
1982-06-28,Poland,Belgium,3.0,0.0, ,26,1548.59,1546.18,2,1816.71,1821.92
1982-06-29,Italy,Argentina,2.0,1.0, ,6,1726.14,1713.86,3,1773.88,1770.65
1982-06-29,Germany,England,0.0,0.0, ,11,1650.21,1658.96,5,1728.47,1737.46
1982-07-01,Austria,Northern Ireland,2.0,2.0, ,34,1492.95,1502.47,59,1396.55,1399.1
1982-07-01,Belgium,Russia,0.0,1.0, ,2,1816.71,1821.92,33,1496.11,1493.42
1982-07-02,Argentina,Brazil,1.0,3.0, ,3,1773.88,1770.65,1,1841.3,1837.56
1982-07-02,Germany,Spain,2.0,1.0, ,11,1650.21,1658.96,7,1715.22,1716.93
1982-07-04,France,Northern Ireland,4.0,1.0, ,4,1759.78,1764.85,59,1396.55,1399.1
1982-07-04,Poland,Russia,0.0,0.0, ,26,1548.59,1546.18,33,1496.11,1493.42
1982-07-05,Italy,Brazil,3.0,2.0, ,6,1726.14,1713.86,1,1841.3,1837.56
1982-07-05,Spain,England,0.0,0.0, ,7,1715.22,1716.93,5,1728.47,1737.46
1982-07-08,Poland,Italy,0.0,2.0, ,26,1548.59,1546.18,6,1726.14,1713.86
1982-07-08,Germany,France,3.0,3.0, win on penalties (5 - 4) ,11,1650.21,1658.96,4,1759.78,1764.85
1982-07-10,Poland,France,3.0,2.0, ,26,1548.59,1546.18,4,1759.78,1764.85
1982-07-11,Italy,Germany,3.0,1.0, ,6,1726.14,1713.86,11,1650.21,1658.96
1986-05-31,Bulgaria,Italy,1.0,1.0, ,72,1335.36,1325.16,6,1726.14,1713.86
1986-06-01,Canada,France,0.0,1.0, ,41,1475.0,1473.82,4,1759.78,1764.85
1986-06-01,Spain,Brazil,0.0,1.0, ,7,1715.22,1716.93,1,1841.3,1837.56
1986-06-02,Russia,Hungary,6.0,0.0, ,33,1496.11,1493.42,36,1492.2,1486.76
1986-06-02,Argentina,Korea Republic,3.0,1.0, ,3,1773.88,1770.65,28,1530.3,1526.02
1986-06-02,Morocco,Poland,0.0,0.0, ,22,1563.5,1558.35,26,1548.59,1546.18
1986-06-03,Algeria,Northern Ireland,1.0,1.0, ,37,1489.1,1480.59,59,1396.55,1399.1
1986-06-03,Belgium,Mexico,1.0,2.0, ,2,1816.71,1821.92,13,1644.89,1649.57
1986-06-03,Portugal,England,1.0,0.0, ,9,1676.56,1678.65,5,1728.47,1737.46
1986-06-04,Paraguay,Iraq,1.0,0.0, ,47,1448.77,1440.13,68,1343.01,1338.91
1986-06-04,Scotland,Denmark,0.0,1.0, ,40,1479.53,1462.96,10,1666.57,1665.47
1986-06-04,Uruguay,Germany,1.0,1.0, ,14,1638.71,1640.95,11,1650.21,1658.96
1986-06-05,Italy,Argentina,1.0,1.0, ,6,1726.14,1713.86,3,1773.88,1770.65
1986-06-05,France,Russia,1.0,1.0, ,4,1759.78,1764.85,33,1496.11,1493.42
1986-06-05,Korea Republic,Bulgaria,1.0,1.0, ,28,1530.3,1526.02,72,1335.36,1325.16
1986-06-06,Hungary,Canada,2.0,0.0, ,36,1492.2,1486.76,41,1475.0,1473.82
1986-06-06,Brazil,Algeria,1.0,0.0, ,1,1841.3,1837.56,37,1489.1,1480.59
1986-06-06,England,Morocco,0.0,0.0, ,5,1728.47,1737.46,22,1563.5,1558.35
1986-06-07,Northern Ireland,Spain,1.0,2.0, ,59,1396.55,1399.1,7,1715.22,1716.93
1986-06-07,Mexico,Paraguay,1.0,1.0, ,13,1644.89,1649.57,47,1448.77,1440.13
1986-06-07,Poland,Portugal,1.0,0.0, ,26,1548.59,1546.18,9,1676.56,1678.65
1986-06-08,Iraq,Belgium,1.0,2.0, ,68,1343.01,1338.91,2,1816.71,1821.92
1986-06-08,Denmark,Uruguay,6.0,1.0, ,10,1666.57,1665.47,14,1638.71,1640.95
1986-06-08,Germany,Scotland,2.0,1.0, ,11,1650.21,1658.96,40,1479.53,1462.96
1986-06-09,Hungary,France,0.0,3.0, ,36,1492.2,1486.76,4,1759.78,1764.85
1986-06-09,Russia,Canada,2.0,0.0, ,33,1496.11,1493.42,41,1475.0,1473.82
1986-06-10,Korea Republic,Italy,2.0,3.0, ,28,1530.3,1526.02,6,1726.14,1713.86
1986-06-10,Argentina,Bulgaria,2.0,0.0, ,3,1773.88,1770.65,72,1335.36,1325.16
1986-06-11,Paraguay,Belgium,2.0,2.0, ,47,1448.77,1440.13,2,1816.71,1821.92
1986-06-11,Iraq,Mexico,0.0,1.0, ,68,1343.01,1338.91,13,1644.89,1649.57
1986-06-11,Portugal,Morocco,1.0,3.0, ,9,1676.56,1678.65,22,1563.5,1558.35
1986-06-11,England,Poland,3.0,0.0, ,5,1728.47,1737.46,26,1548.59,1546.18
1986-06-12,Northern Ireland,Brazil,0.0,3.0, ,59,1396.55,1399.1,1,1841.3,1837.56
1986-06-12,Algeria,Spain,0.0,3.0, ,37,1489.1,1480.59,7,1715.22,1716.93
1986-06-13,Scotland,Uruguay,0.0,0.0, ,40,1479.53,1462.96,14,1638.71,1640.95
1986-06-13,Denmark,Germany,2.0,0.0, ,10,1666.57,1665.47,11,1650.21,1658.96
1986-06-15,Russia,Belgium,3.0,4.0,Belgium win after extra time ,33,1496.11,1493.42,2,1816.71,1821.92
1986-06-15,Mexico,Bulgaria,2.0,0.0, ,13,1644.89,1649.57,72,1335.36,1325.16
1986-06-16,Argentina,Uruguay,1.0,0.0, ,3,1773.88,1770.65,14,1638.71,1640.95
1986-06-16,Brazil,Poland,4.0,0.0, ,1,1841.3,1837.56,26,1548.59,1546.18
1986-06-17,Italy,France,0.0,2.0, ,6,1726.14,1713.86,4,1759.78,1764.85
1986-06-17,Morocco,Germany,0.0,1.0, ,22,1563.5,1558.35,11,1650.21,1658.96
1986-06-18,England,Paraguay,3.0,0.0, ,5,1728.47,1737.46,47,1448.77,1440.13
1986-06-18,Denmark,Spain,1.0,5.0, ,10,1666.57,1665.47,7,1715.22,1716.93
1986-06-21,Brazil,France,1.0,1.0,France win on penalties (3 - 4) ,1,1841.3,1837.56,4,1759.78,1764.85
1986-06-21,Germany,Mexico,0.0,0.0,Germany FR win on penalties (4 - 1) ,11,1650.21,1658.96,13,1644.89,1649.57
1986-06-22,Spain,Belgium,1.0,1.0,Belgium win on penalties (4 - 5) ,7,1715.22,1716.93,2,1816.71,1821.92
1986-06-22,Argentina,England,2.0,1.0, ,3,1773.88,1770.65,5,1728.47,1737.46
1986-06-25,France,Germany,0.0,2.0, ,4,1759.78,1764.85,11,1650.21,1658.96
1986-06-25,Argentina,Belgium,2.0,0.0, ,3,1773.88,1770.65,2,1816.71,1821.92
1986-06-28,France,Belgium,4.0,2.0,France win after extra time ,4,1759.78,1764.85,2,1816.71,1821.92
1986-06-29,Argentina,Germany,3.0,2.0, ,3,1773.88,1770.65,11,1650.21,1658.96
1990-06-08,Argentina,Cameroon,0.0,1.0, ,3,1773.88,1770.65,43,1471.44,1484.95
1990-06-09,Russia,Romania,0.0,2.0, ,33,1496.11,1493.42,53,1434.68,1427.84
1990-06-09,United Arab Emirates,Colombia,0.0,2.0, ,70,1337.57,1346.09,17,1611.04,1604.07
1990-06-09,Italy,Austria,1.0,0.0, ,6,1726.14,1713.86,34,1492.95,1502.47
1990-06-10,USA,Czechoslovakia,1.0,5.0, ,16,1627.48,1635.01,64,24.0,24.0
1990-06-10,Brazil,Sweden,2.0,1.0, ,1,1841.3,1837.56,25,1553.33,1563.44
1990-06-10,Germany,Yugoslavia,4.0,1.0, ,11,1650.21,1658.96,6,64.0,64.0
1990-06-11,Costa Rica,Scotland,1.0,0.0, ,31,1503.59,1500.06,40,1479.53,1462.96
1990-06-11,England,Republic of Ireland,1.0,1.0, ,5,1728.47,1737.46,49,1440.19,1442.48
1990-06-12,Belgium,Korea Republic,2.0,0.0, ,2,1816.71,1821.92,28,1530.3,1526.02
1990-06-12,Netherlands,Egypt,1.0,1.0, ,8,1694.51,1679.41,39,1486.44,1482.63
1990-06-13,Uruguay,Spain,0.0,0.0, ,14,1638.71,1640.95,7,1715.22,1716.93
1990-06-13,Argentina,Russia,2.0,0.0, ,3,1773.88,1770.65,33,1496.11,1493.42
1990-06-14,Cameroon,Romania,2.0,1.0, ,43,1471.44,1484.95,53,1434.68,1427.84
1990-06-14,Yugoslavia,Colombia,1.0,0.0, ,6,64.0,64.0,17,1611.04,1604.07
1990-06-14,Italy,USA,1.0,0.0, ,6,1726.14,1713.86,16,1627.48,1635.01
1990-06-15,Austria,Czechoslovakia,0.0,1.0, ,34,1492.95,1502.47,64,24.0,24.0
1990-06-15,Germany,United Arab Emirates,5.0,1.0, ,11,1650.21,1658.96,70,1337.57,1346.09
1990-06-16,Brazil,Costa Rica,1.0,0.0, ,1,1841.3,1837.56,31,1503.59,1500.06
1990-06-16,Sweden,Scotland,1.0,2.0, ,25,1553.33,1563.44,40,1479.53,1462.96
1990-06-16,England,Netherlands,0.0,0.0, ,5,1728.47,1737.46,8,1694.51,1679.41
1990-06-17,Republic of Ireland,Egypt,0.0,0.0, ,49,1440.19,1442.48,39,1486.44,1482.63
1990-06-17,Korea Republic,Spain,1.0,3.0, ,28,1530.3,1526.02,7,1715.22,1716.93
1990-06-17,Belgium,Uruguay,3.0,1.0, ,2,1816.71,1821.92,14,1638.71,1640.95
1990-06-18,Argentina,Romania,1.0,1.0, ,3,1773.88,1770.65,53,1434.68,1427.84
1990-06-18,Cameroon,Russia,0.0,4.0, ,43,1471.44,1484.95,33,1496.11,1493.42
1990-06-19,Germany,Colombia,1.0,1.0, ,11,1650.21,1658.96,17,1611.04,1604.07
1990-06-19,Yugoslavia,United Arab Emirates,4.0,1.0, ,6,64.0,64.0,70,1337.57,1346.09
1990-06-19,Italy,Czechoslovakia,2.0,0.0, ,6,1726.14,1713.86,64,24.0,24.0
1990-06-19,Austria,USA,2.0,1.0, ,34,1492.95,1502.47,16,1627.48,1635.01
1990-06-20,Brazil,Scotland,1.0,0.0, ,1,1841.3,1837.56,40,1479.53,1462.96
1990-06-20,Sweden,Costa Rica,1.0,2.0, ,25,1553.33,1563.44,31,1503.59,1500.06
1990-06-21,Korea Republic,Uruguay,0.0,1.0, ,28,1530.3,1526.02,14,1638.71,1640.95
1990-06-21,Belgium,Spain,1.0,2.0, ,2,1816.71,1821.92,7,1715.22,1716.93
1990-06-21,Republic of Ireland,Netherlands,1.0,1.0, ,49,1440.19,1442.48,8,1694.51,1679.41
1990-06-21,England,Egypt,1.0,0.0, ,5,1728.47,1737.46,39,1486.44,1482.63
1990-06-23,Cameroon,Colombia,2.0,1.0,Cameroon win after extra time ,43,1471.44,1484.95,17,1611.04,1604.07
1990-06-23,Czechoslovakia,Costa Rica,4.0,1.0, ,64,24.0,24.0,31,1503.59,1500.06
1990-06-24,Brazil,Argentina,0.0,1.0, ,1,1841.3,1837.56,3,1773.88,1770.65
1990-06-24,Germany,Netherlands,2.0,1.0, ,11,1650.21,1658.96,8,1694.51,1679.41
1990-06-25,Republic of Ireland,Romania,0.0,0.0,Republic of Ireland win on penalties (5 - 4) ,49,1440.19,1442.48,53,1434.68,1427.84
1990-06-25,Italy,Uruguay,2.0,0.0, ,6,1726.14,1713.86,14,1638.71,1640.95
1990-06-26,Spain,Yugoslavia,1.0,2.0,Yugoslavia win after extra time ,7,1715.22,1716.93,6,64.0,64.0
1990-06-26,England,Belgium,1.0,0.0,England win after extra time ,5,1728.47,1737.46,2,1816.71,1821.92
1990-06-30,Yugoslavia,Argentina,0.0,0.0, win on penalties (2 - 3) ,6,64.0,64.0,3,1773.88,1770.65
1990-06-30,Italy,Republic of Ireland,1.0,0.0, ,6,1726.14,1713.86,49,1440.19,1442.48
1990-07-01,Germany,Czechoslovakia,1.0,0.0, ,11,1650.21,1658.96,64,24.0,24.0
1990-07-01,England,Cameroon,3.0,2.0,England win after extra time ,5,1728.47,1737.46,43,1471.44,1484.95
1990-07-03,Italy,Argentina,1.0,1.0, win on penalties (3 - 4) ,6,1726.14,1713.86,3,1773.88,1770.65
1990-07-04,Germany,England,1.0,1.0, win on penalties (4 - 3) ,11,1650.21,1658.96,5,1728.47,1737.46
1990-07-07,Italy,England,2.0,1.0, ,6,1726.14,1713.86,5,1728.47,1737.46
1990-07-08,Germany,Argentina,1.0,0.0, ,11,1650.21,1658.96,3,1773.88,1770.65
1994-06-17,Spain,Korea Republic,2.0,2.0, ,7,1715.22,1716.93,28,1530.3,1526.02
1994-06-17,Germany,Bolivia,1.0,0.0, ,11,1650.21,1658.96,82,1296.28,1298.81
1994-06-18,USA,Switzerland,1.0,1.0, ,16,1627.48,1635.01,15,1635.92,1621.43
1994-06-18,Italy,Republic of Ireland,0.0,1.0, ,6,1726.14,1713.86,49,1440.19,1442.48
1994-06-18,Colombia,Romania,1.0,3.0, ,17,1611.04,1604.07,53,1434.68,1427.84
1994-06-19,Belgium,Morocco,1.0,0.0, ,2,1816.71,1821.92,22,1563.5,1558.35
1994-06-19,Norway,Mexico,1.0,0.0, ,42,1473.04,1488.57,13,1644.89,1649.57
1994-06-19,Cameroon,Sweden,2.0,2.0, ,43,1471.44,1484.95,25,1553.33,1563.44
1994-06-20,Netherlands,Saudi Arabia,2.0,1.0, ,8,1694.51,1679.41,51,1437.78,1435.74
1994-06-20,Brazil,Russia,2.0,0.0, ,1,1841.3,1837.56,33,1496.11,1493.42
1994-06-21,Argentina,Greece,4.0,0.0, ,3,1773.88,1770.65,52,1437.6,1441.45
1994-06-21,Nigeria,Bulgaria,3.0,0.0, ,32,1498.47,1504.7,72,1335.36,1325.16
1994-06-21,Germany,Spain,1.0,1.0, ,11,1650.21,1658.96,7,1715.22,1716.93
1994-06-22,Romania,Switzerland,1.0,4.0, ,53,1434.68,1427.84,15,1635.92,1621.43
1994-06-22,USA,Colombia,2.0,1.0, ,16,1627.48,1635.01,17,1611.04,1604.07
1994-06-23,Italy,Norway,1.0,0.0, ,6,1726.14,1713.86,42,1473.04,1488.57
1994-06-23,Korea Republic,Bolivia,0.0,0.0, ,28,1530.3,1526.02,82,1296.28,1298.81
1994-06-24,Mexico,Republic of Ireland,2.0,1.0, ,13,1644.89,1649.57,49,1440.19,1442.48
1994-06-24,Sweden,Russia,3.0,1.0, ,25,1553.33,1563.44,33,1496.11,1493.42
1994-06-24,Brazil,Cameroon,3.0,0.0, ,1,1841.3,1837.56,43,1471.44,1484.95
1994-06-25,Belgium,Netherlands,1.0,0.0, ,2,1816.71,1821.92,8,1694.51,1679.41
1994-06-25,Saudi Arabia,Morocco,2.0,1.0, ,51,1437.78,1435.74,22,1563.5,1558.35
1994-06-25,Argentina,Nigeria,2.0,1.0, ,3,1773.88,1770.65,32,1498.47,1504.7
1994-06-26,Bulgaria,Greece,4.0,0.0, ,72,1335.36,1325.16,52,1437.6,1441.45
1994-06-26,USA,Romania,0.0,1.0, ,16,1627.48,1635.01,53,1434.68,1427.84
1994-06-26,Switzerland,Colombia,0.0,2.0, ,15,1635.92,1621.43,17,1611.04,1604.07
1994-06-27,Germany,Korea Republic,3.0,2.0, ,11,1650.21,1658.96,28,1530.3,1526.02
1994-06-27,Bolivia,Spain,1.0,3.0, ,82,1296.28,1298.81,7,1715.22,1716.93
1994-06-28,Republic of Ireland,Norway,0.0,0.0, ,49,1440.19,1442.48,42,1473.04,1488.57
1994-06-28,Brazil,Sweden,1.0,1.0, ,1,1841.3,1837.56,25,1553.33,1563.44
1994-06-28,Italy,Mexico,1.0,1.0, ,6,1726.14,1713.86,13,1644.89,1649.57
1994-06-28,Russia,Cameroon,6.0,1.0, ,33,1496.11,1493.42,43,1471.44,1484.95
1994-06-29,Morocco,Netherlands,1.0,2.0, ,22,1563.5,1558.35,8,1694.51,1679.41
1994-06-29,Belgium,Saudi Arabia,0.0,1.0, ,2,1816.71,1821.92,51,1437.78,1435.74
1994-06-30,Greece,Nigeria,0.0,2.0, ,52,1437.6,1441.45,32,1498.47,1504.7
1994-06-30,Argentina,Bulgaria,0.0,2.0, ,3,1773.88,1770.65,72,1335.36,1325.16
1994-07-02,Germany,Belgium,3.0,2.0, ,11,1650.21,1658.96,2,1816.71,1821.92
1994-07-02,Spain,Switzerland,3.0,0.0, ,7,1715.22,1716.93,15,1635.92,1621.43
1994-07-03,Saudi Arabia,Sweden,1.0,3.0, ,51,1437.78,1435.74,25,1553.33,1563.44
1994-07-03,Romania,Argentina,3.0,2.0, ,53,1434.68,1427.84,3,1773.88,1770.65
1994-07-04,Netherlands,Republic of Ireland,2.0,0.0, ,8,1694.51,1679.41,49,1440.19,1442.48
1994-07-04,Brazil,USA,1.0,0.0, ,1,1841.3,1837.56,16,1627.48,1635.01
1994-07-05,Nigeria,Italy,1.0,2.0,Italy win after extra time ,32,1498.47,1504.7,6,1726.14,1713.86
1994-07-05,Mexico,Bulgaria,1.0,1.0,Bulgaria win on penalties (1 - 3) ,13,1644.89,1649.57,72,1335.36,1325.16
1994-07-09,Italy,Spain,2.0,1.0, ,6,1726.14,1713.86,7,1715.22,1716.93
1994-07-09,Netherlands,Brazil,2.0,3.0, ,8,1694.51,1679.41,1,1841.3,1837.56
1994-07-10,Bulgaria,Germany,2.0,1.0, ,72,1335.36,1325.16,11,1650.21,1658.96
1994-07-10,Romania,Sweden,2.0,2.0,Sweden win on penalties (4 - 5) ,53,1434.68,1427.84,25,1553.33,1563.44
1994-07-13,Bulgaria,Italy,1.0,2.0, ,72,1335.36,1325.16,6,1726.14,1713.86
1994-07-13,Sweden,Brazil,0.0,1.0, ,25,1553.33,1563.44,1,1841.3,1837.56
1994-07-16,Sweden,Bulgaria,4.0,0.0, ,25,1553.33,1563.44,72,1335.36,1325.16
1994-07-17,Brazil,Italy,0.0,0.0,Brazil win on penalties (3 - 2) ,1,1841.3,1837.56,6,1726.14,1713.86
1998-06-10,Brazil,Scotland,2.0,1.0, ,1,1841.3,1837.56,40,1479.53,1462.96
1998-06-10,Morocco,Norway,2.0,2.0, ,22,1563.5,1558.35,42,1473.04,1488.57
1998-06-11,Italy,Chile,2.0,2.0, ,6,1726.14,1713.86,29,1509.61,1514.86
1998-06-11,Cameroon,Austria,1.0,1.0, ,43,1471.44,1484.95,34,1492.95,1502.47
1998-06-12,Paraguay,Bulgaria,0.0,0.0, ,47,1448.77,1440.13,72,1335.36,1325.16
1998-06-12,Saudi Arabia,Denmark,0.0,1.0, ,51,1437.78,1435.74,10,1666.57,1665.47
1998-06-12,France,South Africa,3.0,0.0, ,4,1759.78,1764.85,67,1349.59,1350.55
1998-06-13,Spain,Nigeria,2.0,3.0, ,7,1715.22,1716.93,32,1498.47,1504.7
1998-06-13,Korea Republic,Mexico,1.0,3.0, ,28,1530.3,1526.02,13,1644.89,1649.57
1998-06-13,Netherlands,Belgium,0.0,0.0, ,8,1694.51,1679.41,2,1816.71,1821.92
1998-06-14,Argentina,Japan,1.0,0.0, ,3,1773.88,1770.65,24,1559.54,1554.69
1998-06-14,Yugoslavia,Iran,1.0,0.0, ,6,64.0,64.0,20,1564.61,1558.64
1998-06-14,Jamaica,Croatia,1.0,3.0, ,64,1378.86,1382.06,12,1645.64,1632.15
1998-06-15,England,Tunisia,2.0,0.0, ,5,1728.47,1737.46,30,1507.54,1507.86
1998-06-15,Romania,Colombia,1.0,0.0, ,53,1434.68,1427.84,17,1611.04,1604.07
1998-06-15,Germany,USA,2.0,0.0, ,11,1650.21,1658.96,16,1627.48,1635.01
1998-06-16,Scotland,Norway,1.0,1.0, ,40,1479.53,1462.96,42,1473.04,1488.57
1998-06-16,Brazil,Morocco,3.0,0.0, ,1,1841.3,1837.56,22,1563.5,1558.35
1998-06-17,Chile,Austria,1.0,1.0, ,29,1509.61,1514.86,34,1492.95,1502.47
1998-06-17,Italy,Cameroon,3.0,0.0, ,6,1726.14,1713.86,43,1471.44,1484.95
1998-06-18,South Africa,Denmark,1.0,1.0, ,67,1349.59,1350.55,10,1666.57,1665.47
1998-06-18,France,Saudi Arabia,4.0,0.0, ,4,1759.78,1764.85,51,1437.78,1435.74
1998-06-19,Nigeria,Bulgaria,1.0,0.0, ,32,1498.47,1504.7,72,1335.36,1325.16
1998-06-19,Spain,Paraguay,0.0,0.0, ,7,1715.22,1716.93,47,1448.77,1440.13
1998-06-20,Japan,Croatia,0.0,1.0, ,24,1559.54,1554.69,12,1645.64,1632.15
1998-06-20,Belgium,Mexico,2.0,2.0, ,2,1816.71,1821.92,13,1644.89,1649.57
1998-06-20,Netherlands,Korea Republic,5.0,0.0, ,8,1694.51,1679.41,28,1530.3,1526.02
1998-06-21,Germany,Yugoslavia,2.0,2.0, ,11,1650.21,1658.96,6,64.0,64.0
1998-06-21,Argentina,Jamaica,5.0,0.0, ,3,1773.88,1770.65,64,1378.86,1382.06
1998-06-21,USA,Iran,1.0,2.0, ,16,1627.48,1635.01,20,1564.61,1558.64
1998-06-22,Colombia,Tunisia,1.0,0.0, ,17,1611.04,1604.07,30,1507.54,1507.86
1998-06-22,Romania,England,2.0,1.0, ,53,1434.68,1427.84,5,1728.47,1737.46
1998-06-23,Italy,Austria,2.0,1.0, ,6,1726.14,1713.86,34,1492.95,1502.47
1998-06-23,Chile,Cameroon,1.0,1.0, ,29,1509.61,1514.86,43,1471.44,1484.95
1998-06-23,Scotland,Morocco,0.0,3.0, ,40,1479.53,1462.96,22,1563.5,1558.35
1998-06-23,Brazil,Norway,1.0,2.0, ,1,1841.3,1837.56,42,1473.04,1488.57
1998-06-24,France,Denmark,2.0,1.0, ,4,1759.78,1764.85,10,1666.57,1665.47
1998-06-24,South Africa,Saudi Arabia,2.0,2.0, ,67,1349.59,1350.55,51,1437.78,1435.74
1998-06-24,Spain,Bulgaria,6.0,1.0, ,7,1715.22,1716.93,72,1335.36,1325.16
1998-06-24,Nigeria,Paraguay,1.0,3.0, ,32,1498.47,1504.7,47,1448.77,1440.13
1998-06-25,Belgium,Korea Republic,1.0,1.0, ,2,1816.71,1821.92,28,1530.3,1526.02
1998-06-25,Netherlands,Mexico,2.0,2.0, ,8,1694.51,1679.41,13,1644.89,1649.57
1998-06-25,Germany,Iran,2.0,0.0, ,11,1650.21,1658.96,20,1564.61,1558.64
1998-06-25,USA,Yugoslavia,0.0,1.0, ,16,1627.48,1635.01,6,64.0,64.0
1998-06-26,Japan,Jamaica,1.0,2.0, ,24,1559.54,1554.69,64,1378.86,1382.06
1998-06-26,Argentina,Croatia,1.0,0.0, ,3,1773.88,1770.65,12,1645.64,1632.15
1998-06-26,Romania,Tunisia,1.0,1.0, ,53,1434.68,1427.84,30,1507.54,1507.86
1998-06-26,Colombia,England,0.0,2.0, ,17,1611.04,1604.07,5,1728.47,1737.46
1998-06-27,Italy,Norway,1.0,0.0, ,6,1726.14,1713.86,42,1473.04,1488.57
1998-06-27,Brazil,Chile,4.0,1.0, ,1,1841.3,1837.56,29,1509.61,1514.86
1998-06-28,France,Paraguay,1.0,0.0,France win after extra time ,4,1759.78,1764.85,47,1448.77,1440.13
1998-06-28,Nigeria,Denmark,1.0,4.0, ,32,1498.47,1504.7,10,1666.57,1665.47
1998-06-29,Germany,Mexico,2.0,1.0, ,11,1650.21,1658.96,13,1644.89,1649.57
1998-06-29,Netherlands,Yugoslavia,2.0,1.0, ,8,1694.51,1679.41,6,64.0,64.0
1998-06-30,Romania,Croatia,0.0,1.0, ,53,1434.68,1427.84,12,1645.64,1632.15
1998-06-30,Argentina,England,2.0,2.0,Argentina win on penalties (4 - 3) ,3,1773.88,1770.65,5,1728.47,1737.46
1998-07-03,Italy,France,0.0,0.0,France win on penalties (3 - 4) ,6,1726.14,1713.86,4,1759.78,1764.85
1998-07-03,Brazil,Denmark,3.0,2.0, ,1,1841.3,1837.56,10,1666.57,1665.47
1998-07-04,Netherlands,Argentina,2.0,1.0, ,8,1694.51,1679.41,3,1773.88,1770.65
1998-07-04,Germany,Croatia,0.0,3.0, ,11,1650.21,1658.96,12,1645.64,1632.15
1998-07-07,Brazil,Netherlands,1.0,1.0,Brazil win on penalties (4 - 2) ,1,1841.3,1837.56,8,1694.51,1679.41
1998-07-08,France,Croatia,2.0,1.0, ,4,1759.78,1764.85,12,1645.64,1632.15
1998-07-11,Netherlands,Croatia,1.0,2.0, ,8,1694.51,1679.41,12,1645.64,1632.15
1998-07-12,Brazil,France,0.0,3.0, ,1,1841.3,1837.56,4,1759.78,1764.85
2002-05-31,France,Senegal,0.0,1.0, ,4,1759.78,1764.85,18,1584.38,1584.59
2002-06-01,Uruguay,Denmark,1.0,2.0, ,14,1638.71,1640.95,10,1666.57,1665.47
2002-06-01,Republic of Ireland,Cameroon,1.0,1.0, ,49,1440.19,1442.48,43,1471.44,1484.95
2002-06-01,Germany,Saudi Arabia,8.0,0.0, ,11,1650.21,1658.96,51,1437.78,1435.74
2002-06-02,Argentina,Nigeria,1.0,0.0, ,3,1773.88,1770.65,32,1498.47,1504.7
2002-06-02,Paraguay,South Africa,2.0,2.0, ,47,1448.77,1440.13,67,1349.59,1350.55
2002-06-02,England,Sweden,1.0,1.0, ,5,1728.47,1737.46,25,1553.33,1563.44
2002-06-02,Spain,Slovenia,3.0,1.0, ,7,1715.22,1716.93,63,1384.04,1372.48
2002-06-03,Brazil,Turkey,2.0,1.0, ,1,1841.3,1837.56,45,1460.14,1475.13
2002-06-03,Italy,Ecuador,2.0,0.0, ,6,1726.14,1713.86,44,1464.39,1463.74
2002-06-03,Croatia,Mexico,0.0,1.0, ,12,1645.64,1632.15,13,1644.89,1649.57
2002-06-04,China PR,Costa Rica,0.0,2.0, ,79,1305.06,1305.06,31,1503.59,1500.06
2002-06-04,Japan,Belgium,2.0,2.0, ,24,1559.54,1554.69,2,1816.71,1821.92
2002-06-04,Korea Republic,Poland,2.0,0.0, ,28,1530.3,1526.02,26,1548.59,1546.18
2002-06-05,Russia,Tunisia,2.0,0.0, ,33,1496.11,1493.42,30,1507.54,1507.86
2002-06-05,USA,Portugal,3.0,2.0, ,16,1627.48,1635.01,9,1676.56,1678.65
2002-06-05,Germany,Republic of Ireland,1.0,1.0, ,11,1650.21,1658.96,49,1440.19,1442.48
2002-06-06,Denmark,Senegal,1.0,1.0, ,10,1666.57,1665.47,18,1584.38,1584.59
2002-06-06,Cameroon,Saudi Arabia,1.0,0.0, ,43,1471.44,1484.95,51,1437.78,1435.74
2002-06-06,France,Uruguay,0.0,0.0, ,4,1759.78,1764.85,14,1638.71,1640.95
2002-06-07,Sweden,Nigeria,2.0,1.0, ,25,1553.33,1563.44,32,1498.47,1504.7
2002-06-07,Argentina,England,0.0,1.0, ,3,1773.88,1770.65,5,1728.47,1737.46
2002-06-07,Spain,Paraguay,3.0,1.0, ,7,1715.22,1716.93,47,1448.77,1440.13
2002-06-08,South Africa,Slovenia,1.0,0.0, ,67,1349.59,1350.55,63,1384.04,1372.48
2002-06-08,Brazil,China PR,4.0,0.0, ,1,1841.3,1837.56,79,1305.06,1305.06
2002-06-08,Italy,Croatia,1.0,2.0, ,6,1726.14,1713.86,12,1645.64,1632.15
2002-06-09,Costa Rica,Turkey,1.0,1.0, ,31,1503.59,1500.06,45,1460.14,1475.13
2002-06-09,Japan,Russia,1.0,0.0, ,24,1559.54,1554.69,33,1496.11,1493.42
2002-06-09,Mexico,Ecuador,2.0,1.0, ,13,1644.89,1649.57,44,1464.39,1463.74
2002-06-10,Korea Republic,USA,1.0,1.0, ,28,1530.3,1526.02,16,1627.48,1635.01
2002-06-10,Portugal,Poland,4.0,0.0, ,9,1676.56,1678.65,26,1548.59,1546.18
2002-06-10,Tunisia,Belgium,1.0,1.0, ,30,1507.54,1507.86,2,1816.71,1821.92
2002-06-11,Denmark,France,2.0,0.0, ,10,1666.57,1665.47,4,1759.78,1764.85
2002-06-11,Senegal,Uruguay,3.0,3.0, ,18,1584.38,1584.59,14,1638.71,1640.95
2002-06-11,Saudi Arabia,Republic of Ireland,0.0,3.0, ,51,1437.78,1435.74,49,1440.19,1442.48
2002-06-11,Cameroon,Germany,0.0,2.0, ,43,1471.44,1484.95,11,1650.21,1658.96
2002-06-12,Sweden,Argentina,1.0,1.0, ,25,1553.33,1563.44,3,1773.88,1770.65
2002-06-12,Nigeria,England,0.0,0.0, ,32,1498.47,1504.7,5,1728.47,1737.46
2002-06-12,Slovenia,Paraguay,1.0,3.0, ,63,1384.04,1372.48,47,1448.77,1440.13
2002-06-12,South Africa,Spain,2.0,3.0, ,67,1349.59,1350.55,7,1715.22,1716.93
2002-06-13,Costa Rica,Brazil,2.0,5.0, ,31,1503.59,1500.06,1,1841.3,1837.56
2002-06-13,Turkey,China PR,3.0,0.0, ,45,1460.14,1475.13,79,1305.06,1305.06
2002-06-13,Ecuador,Croatia,1.0,0.0, ,44,1464.39,1463.74,12,1645.64,1632.15
2002-06-13,Mexico,Italy,1.0,1.0, ,13,1644.89,1649.57,6,1726.14,1713.86
2002-06-14,Tunisia,Japan,0.0,2.0, ,30,1507.54,1507.86,24,1559.54,1554.69
2002-06-14,Portugal,Korea Republic,0.0,1.0, ,9,1676.56,1678.65,28,1530.3,1526.02
2002-06-14,Poland,USA,3.0,1.0, ,26,1548.59,1546.18,16,1627.48,1635.01
2002-06-14,Belgium,Russia,3.0,2.0, ,2,1816.71,1821.92,33,1496.11,1493.42
2002-06-15,Denmark,England,0.0,3.0, ,10,1666.57,1665.47,5,1728.47,1737.46
2002-06-15,Germany,Paraguay,1.0,0.0, ,11,1650.21,1658.96,47,1448.77,1440.13
2002-06-16,Spain,Republic of Ireland,1.0,1.0,Spain win on penalties (3 - 2) ,7,1715.22,1716.93,49,1440.19,1442.48
2002-06-16,Sweden,Senegal,1.0,2.0,Win on Golden Goal ,25,1553.33,1563.44,18,1584.38,1584.59
2002-06-17,Brazil,Belgium,2.0,0.0, ,1,1841.3,1837.56,2,1816.71,1821.92
2002-06-17,Mexico,USA,0.0,2.0, ,13,1644.89,1649.57,16,1627.48,1635.01
2002-06-18,Japan,Turkey,0.0,1.0, ,24,1559.54,1554.69,45,1460.14,1475.13
2002-06-18,Korea Republic,Italy,2.0,1.0,Win on Golden Goal ,28,1530.3,1526.02,6,1726.14,1713.86
2002-06-21,England,Brazil,1.0,2.0, ,5,1728.47,1737.46,1,1841.3,1837.56
2002-06-21,Germany,USA,1.0,0.0, ,11,1650.21,1658.96,16,1627.48,1635.01
2002-06-22,Senegal,Turkey,0.0,1.0,Win on Golden Goal ,18,1584.38,1584.59,45,1460.14,1475.13
2002-06-22,Spain,Korea Republic,0.0,0.0,Korea Republic win on penalties (3 - 5) ,7,1715.22,1716.93,28,1530.3,1526.02
2002-06-25,Germany,Korea Republic,1.0,0.0, ,11,1650.21,1658.96,28,1530.3,1526.02
2002-06-26,Brazil,Turkey,1.0,0.0, ,1,1841.3,1837.56,45,1460.14,1475.13
2002-06-29,Korea Republic,Turkey,2.0,3.0, ,28,1530.3,1526.02,45,1460.14,1475.13
2002-06-30,Germany,Brazil,0.0,2.0, ,11,1650.21,1658.96,1,1841.3,1837.56
2006-06-09,Germany,Costa Rica,4.0,2.0, ,11,1650.21,1658.96,31,1503.59,1500.06
2006-06-09,Poland,Ecuador,0.0,2.0, ,26,1548.59,1546.18,44,1464.39,1463.74
2006-06-10,England,Paraguay,1.0,0.0, ,5,1728.47,1737.46,47,1448.77,1440.13
2006-06-10,Trinidad and Tobago,Sweden,0.0,0.0, ,104,1195.29,1205.85,25,1553.33,1563.44
2006-06-10,Argentina,Ivory Coast,2.0,1.0, ,3,1773.88,1770.65,48,1443.06,1435.91
2006-06-11,Serbia and Montenegro,Netherlands,0.0,1.0, ,19,674.0,674.0,8,1694.51,1679.41
2006-06-11,Mexico,Iran,3.0,1.0, ,13,1644.89,1649.57,20,1564.61,1558.64
2006-06-11,Angola,Portugal,0.0,1.0, ,119,1155.9,1149.08,9,1676.56,1678.65
2006-06-12,Australia,Japan,3.0,1.0, ,38,1488.72,1483.73,24,1559.54,1554.69
2006-06-12,USA,Czechia,0.0,3.0, ,16,1627.48,1635.01,35,1492.21,1502.9
2006-06-12,Italy,Ghana,2.0,0.0, ,6,1726.14,1713.86,61,1393.0,1393.47
2006-06-13,Korea Republic,Togo,2.0,1.0, ,28,1530.3,1526.02,127,1128.92,1130.22
2006-06-13,France,Switzerland,0.0,0.0, ,4,1759.78,1764.85,15,1635.92,1621.43
2006-06-13,Brazil,Croatia,1.0,0.0, ,1,1841.3,1837.56,12,1645.64,1632.15
2006-06-14,Spain,Ukraine,4.0,0.0, ,7,1715.22,1716.93,27,1536.99,1542.79
2006-06-14,Tunisia,Saudi Arabia,2.0,2.0, ,30,1507.54,1507.86,51,1437.78,1435.74
2006-06-14,Germany,Poland,1.0,0.0, ,11,1650.21,1658.96,26,1548.59,1546.18
2006-06-15,Ecuador,Costa Rica,3.0,0.0, ,44,1464.39,1463.74,31,1503.59,1500.06
2006-06-15,England,Trinidad and Tobago,2.0,0.0, ,5,1728.47,1737.46,104,1195.29,1205.85
2006-06-15,Sweden,Paraguay,1.0,0.0, ,25,1553.33,1563.44,47,1448.77,1440.13
2006-06-16,Argentina,Serbia and Montenegro,6.0,0.0, ,3,1773.88,1770.65,19,674.0,674.0
2006-06-16,Netherlands,Ivory Coast,2.0,1.0, ,8,1694.51,1679.41,48,1443.06,1435.91
2006-06-16,Mexico,Angola,0.0,0.0, ,13,1644.89,1649.57,119,1155.9,1149.08
2006-06-17,Portugal,Iran,2.0,0.0, ,9,1676.56,1678.65,20,1564.61,1558.64
2006-06-17,Czechia,Ghana,0.0,2.0, ,35,1492.21,1502.9,61,1393.0,1393.47
2006-06-17,Italy,USA,1.0,1.0, ,6,1726.14,1713.86,16,1627.48,1635.01
2006-06-18,Japan,Croatia,0.0,0.0, ,24,1559.54,1554.69,12,1645.64,1632.15
2006-06-18,Brazil,Australia,2.0,0.0, ,1,1841.3,1837.56,38,1488.72,1483.73
2006-06-18,France,Korea Republic,1.0,1.0, ,4,1759.78,1764.85,28,1530.3,1526.02
2006-06-19,Togo,Switzerland,0.0,2.0, ,127,1128.92,1130.22,15,1635.92,1621.43
2006-06-19,Saudi Arabia,Ukraine,0.0,4.0, ,51,1437.78,1435.74,27,1536.99,1542.79
2006-06-19,Spain,Tunisia,3.0,1.0, ,7,1715.22,1716.93,30,1507.54,1507.86
2006-06-20,Ecuador,Germany,0.0,3.0, ,44,1464.39,1463.74,11,1650.21,1658.96
2006-06-20,Costa Rica,Poland,1.0,2.0, ,31,1503.59,1500.06,26,1548.59,1546.18
2006-06-20,Sweden,England,2.0,2.0, ,25,1553.33,1563.44,5,1728.47,1737.46
2006-06-20,Paraguay,Trinidad and Tobago,2.0,0.0, ,47,1448.77,1440.13,104,1195.29,1205.85
2006-06-21,Iran,Angola,1.0,1.0, ,20,1564.61,1558.64,119,1155.9,1149.08
2006-06-21,Portugal,Mexico,2.0,1.0, ,9,1676.56,1678.65,13,1644.89,1649.57
2006-06-21,Netherlands,Argentina,0.0,0.0, ,8,1694.51,1679.41,3,1773.88,1770.65
2006-06-21,Ivory Coast,Serbia and Montenegro,3.0,2.0, ,48,1443.06,1435.91,19,674.0,674.0
2006-06-22,Czechia,Italy,0.0,2.0, ,35,1492.21,1502.9,6,1726.14,1713.86
2006-06-22,Ghana,USA,2.0,1.0, ,61,1393.0,1393.47,16,1627.48,1635.01
2006-06-22,Japan,Brazil,1.0,4.0, ,24,1559.54,1554.69,1,1841.3,1837.56
2006-06-22,Croatia,Australia,2.0,2.0, ,12,1645.64,1632.15,38,1488.72,1483.73
2006-06-23,Ukraine,Tunisia,1.0,0.0, ,27,1536.99,1542.79,30,1507.54,1507.86
2006-06-23,Saudi Arabia,Spain,0.0,1.0, ,51,1437.78,1435.74,7,1715.22,1716.93
2006-06-23,Togo,France,0.0,2.0, ,127,1128.92,1130.22,4,1759.78,1764.85
2006-06-23,Switzerland,Korea Republic,2.0,0.0, ,15,1635.92,1621.43,28,1530.3,1526.02
2006-06-24,Germany,Sweden,2.0,0.0, ,11,1650.21,1658.96,25,1553.33,1563.44
2006-06-24,Argentina,Mexico,2.0,1.0,Argentina win after extra time ,3,1773.88,1770.65,13,1644.89,1649.57
2006-06-25,England,Ecuador,1.0,0.0, ,5,1728.47,1737.46,44,1464.39,1463.74
2006-06-25,Portugal,Netherlands,1.0,0.0, ,9,1676.56,1678.65,8,1694.51,1679.41
2006-06-26,Italy,Australia,1.0,0.0, ,6,1726.14,1713.86,38,1488.72,1483.73
2006-06-26,Switzerland,Ukraine,0.0,0.0,Ukraine win on penalties (0 - 3) ,15,1635.92,1621.43,27,1536.99,1542.79
2006-06-27,Brazil,Ghana,3.0,0.0, ,1,1841.3,1837.56,61,1393.0,1393.47
2006-06-27,Spain,France,1.0,3.0, ,7,1715.22,1716.93,4,1759.78,1764.85
2006-06-30,Germany,Argentina,1.0,1.0,Germany win on penalties (4 - 2) ,11,1650.21,1658.96,3,1773.88,1770.65
2006-06-30,Italy,Ukraine,3.0,0.0, ,6,1726.14,1713.86,27,1536.99,1542.79
2006-07-01,England,Portugal,0.0,0.0,Portugal win on penalties (1 - 3) ,5,1728.47,1737.46,9,1676.56,1678.65
2006-07-01,Brazil,France,0.0,1.0, ,1,1841.3,1837.56,4,1759.78,1764.85
2006-07-04,Germany,Italy,0.0,2.0,Italy win after extra time ,11,1650.21,1658.96,6,1726.14,1713.86
2006-07-05,Portugal,France,0.0,1.0, ,9,1676.56,1678.65,4,1759.78,1764.85
2006-07-08,Germany,Portugal,3.0,1.0, ,11,1650.21,1658.96,9,1676.56,1678.65
2006-07-09,Italy,France,1.0,1.0,Italy win on penalties (5 - 3) ,6,1726.14,1713.86,4,1759.78,1764.85
2010-06-11,South Africa,Mexico,1.0,1.0, ,67,1349.59,1350.55,13,1644.89,1649.57
2010-06-11,Uruguay,France,0.0,0.0, ,14,1638.71,1640.95,4,1759.78,1764.85
2010-06-12,Korea Republic,Greece,2.0,0.0, ,28,1530.3,1526.02,52,1437.6,1441.45
2010-06-12,Argentina,Nigeria,1.0,0.0, ,3,1773.88,1770.65,32,1498.47,1504.7
2010-06-12,England,USA,1.0,1.0, ,5,1728.47,1737.46,16,1627.48,1635.01
2010-06-13,Algeria,Slovenia,0.0,1.0, ,37,1489.1,1480.59,63,1384.04,1372.48
2010-06-13,Serbia,Ghana,0.0,1.0, ,21,1563.62,1549.53,61,1393.0,1393.47
2010-06-13,Germany,Australia,4.0,0.0, ,11,1650.21,1658.96,38,1488.72,1483.73
2010-06-14,Netherlands,Denmark,2.0,0.0, ,8,1694.51,1679.41,10,1666.57,1665.47
2010-06-14,Japan,Cameroon,1.0,0.0, ,24,1559.54,1554.69,43,1471.44,1484.95
2010-06-14,Italy,Paraguay,1.0,1.0, ,6,1726.14,1713.86,47,1448.77,1440.13
2010-06-15,New Zealand,Slovakia,1.0,1.0, ,105,1193.98,1198.96,55,1425.59,1439.99
2010-06-15,Ivory Coast,Portugal,0.0,0.0, ,48,1443.06,1435.91,9,1676.56,1678.65
2010-06-15,Brazil,Korea DPR,2.0,1.0, ,1,1841.3,1837.56,112,1169.96,1169.96
2010-06-16,Honduras,Chile,0.0,1.0, ,80,1301.98,1299.69,29,1509.61,1514.86
2010-06-16,Spain,Switzerland,0.0,1.0, ,7,1715.22,1716.93,15,1635.92,1621.43
2010-06-16,South Africa,Uruguay,0.0,3.0, ,67,1349.59,1350.55,14,1638.71,1640.95
2010-06-17,Argentina,Korea Republic,4.0,1.0, ,3,1773.88,1770.65,28,1530.3,1526.02
2010-06-17,Greece,Nigeria,2.0,1.0, ,52,1437.6,1441.45,32,1498.47,1504.7
2010-06-17,France,Mexico,0.0,2.0, ,4,1759.78,1764.85,13,1644.89,1649.57
2010-06-18,Germany,Serbia,0.0,1.0, ,11,1650.21,1658.96,21,1563.62,1549.53
2010-06-18,Slovenia,USA,2.0,2.0, ,63,1384.04,1372.48,16,1627.48,1635.01
2010-06-18,England,Algeria,0.0,0.0, ,5,1728.47,1737.46,37,1489.1,1480.59
2010-06-19,Netherlands,Japan,1.0,0.0, ,8,1694.51,1679.41,24,1559.54,1554.69
2010-06-19,Ghana,Australia,1.0,1.0, ,61,1393.0,1393.47,38,1488.72,1483.73
2010-06-19,Cameroon,Denmark,1.0,2.0, ,43,1471.44,1484.95,10,1666.57,1665.47
2010-06-20,Slovakia,Paraguay,0.0,2.0, ,55,1425.59,1439.99,47,1448.77,1440.13
2010-06-20,Italy,New Zealand,1.0,1.0, ,6,1726.14,1713.86,105,1193.98,1198.96
2010-06-20,Brazil,Ivory Coast,3.0,1.0, ,1,1841.3,1837.56,48,1443.06,1435.91
2010-06-21,Portugal,Korea DPR,7.0,0.0, ,9,1676.56,1678.65,112,1169.96,1169.96
2010-06-21,Chile,Switzerland,1.0,0.0, ,29,1509.61,1514.86,15,1635.92,1621.43
2010-06-21,Spain,Honduras,2.0,0.0, ,7,1715.22,1716.93,80,1301.98,1299.69
2010-06-22,Mexico,Uruguay,0.0,1.0, ,13,1644.89,1649.57,14,1638.71,1640.95
2010-06-22,France,South Africa,1.0,2.0, ,4,1759.78,1764.85,67,1349.59,1350.55
2010-06-22,Nigeria,Korea Republic,2.0,2.0, ,32,1498.47,1504.7,28,1530.3,1526.02
2010-06-22,Greece,Argentina,0.0,2.0, ,52,1437.6,1441.45,3,1773.88,1770.65
2010-06-23,Slovenia,England,0.0,1.0, ,63,1384.04,1372.48,5,1728.47,1737.46
2010-06-23,USA,Algeria,1.0,0.0, ,16,1627.48,1635.01,37,1489.1,1480.59
2010-06-23,Ghana,Germany,0.0,1.0, ,61,1393.0,1393.47,11,1650.21,1658.96
2010-06-23,Australia,Serbia,2.0,1.0, ,38,1488.72,1483.73,21,1563.62,1549.53
2010-06-24,Slovakia,Italy,3.0,2.0, ,55,1425.59,1439.99,6,1726.14,1713.86
2010-06-24,Paraguay,New Zealand,0.0,0.0, ,47,1448.77,1440.13,105,1193.98,1198.96
2010-06-24,Denmark,Japan,1.0,3.0, ,10,1666.57,1665.47,24,1559.54,1554.69
2010-06-24,Cameroon,Netherlands,1.0,2.0, ,43,1471.44,1484.95,8,1694.51,1679.41
2010-06-25,Portugal,Brazil,0.0,0.0, ,9,1676.56,1678.65,1,1841.3,1837.56
2010-06-25,Korea DPR,Ivory Coast,0.0,3.0, ,112,1169.96,1169.96,48,1443.06,1435.91
2010-06-25,Chile,Spain,1.0,2.0, ,29,1509.61,1514.86,7,1715.22,1716.93
2010-06-25,Switzerland,Honduras,0.0,0.0, ,15,1635.92,1621.43,80,1301.98,1299.69
2010-06-26,Uruguay,Korea Republic,2.0,1.0, ,14,1638.71,1640.95,28,1530.3,1526.02
2010-06-26,USA,Ghana,1.0,2.0,Ghana win after extra time ,16,1627.48,1635.01,61,1393.0,1393.47
2010-06-27,Germany,England,4.0,1.0, ,11,1650.21,1658.96,5,1728.47,1737.46
2010-06-27,Argentina,Mexico,3.0,1.0, ,3,1773.88,1770.65,13,1644.89,1649.57
2010-06-28,Netherlands,Slovakia,2.0,1.0, ,8,1694.51,1679.41,55,1425.59,1439.99
2010-06-28,Brazil,Chile,3.0,0.0, ,1,1841.3,1837.56,29,1509.61,1514.86
2010-06-29,Paraguay,Japan,0.0,0.0,Paraguay win on penalties (5 - 3) ,47,1448.77,1440.13,24,1559.54,1554.69
2010-06-29,Spain,Portugal,1.0,0.0, ,7,1715.22,1716.93,9,1676.56,1678.65
2010-07-02,Netherlands,Brazil,2.0,1.0, ,8,1694.51,1679.41,1,1841.3,1837.56
2010-07-02,Uruguay,Ghana,1.0,1.0,Uruguay win on penalties (4 - 2) ,14,1638.71,1640.95,61,1393.0,1393.47
2010-07-03,Argentina,Germany,0.0,4.0, ,3,1773.88,1770.65,11,1650.21,1658.96
2010-07-03,Paraguay,Spain,0.0,1.0, ,47,1448.77,1440.13,7,1715.22,1716.93
2010-07-06,Uruguay,Netherlands,2.0,3.0, ,14,1638.71,1640.95,8,1694.51,1679.41
2010-07-07,Germany,Spain,0.0,1.0, ,11,1650.21,1658.96,7,1715.22,1716.93
2010-07-10,Uruguay,Germany,2.0,3.0, ,14,1638.71,1640.95,11,1650.21,1658.96
2010-07-11,Netherlands,Spain,0.0,1.0,Spain win after extra time ,8,1694.51,1679.41,7,1715.22,1716.93
2014-06-12,Brazil,Croatia,3.0,1.0, ,1,1841.3,1837.56,12,1645.64,1632.15
2014-06-13,Mexico,Cameroon,1.0,0.0, ,13,1644.89,1649.57,43,1471.44,1484.95
2014-06-13,Spain,Netherlands,1.0,5.0, ,7,1715.22,1716.93,8,1694.51,1679.41
2014-06-13,Chile,Australia,3.0,1.0, ,29,1509.61,1514.86,38,1488.72,1483.73
2014-06-14,Colombia,Greece,3.0,0.0, ,17,1611.04,1604.07,52,1437.6,1441.45
2014-06-14,Uruguay,Costa Rica,1.0,3.0, ,14,1638.71,1640.95,31,1503.59,1500.06
2014-06-14,England,Italy,1.0,2.0, ,5,1728.47,1737.46,6,1726.14,1713.86
2014-06-14,Ivory Coast,Japan,2.0,1.0, ,48,1443.06,1435.91,24,1559.54,1554.69
2014-06-15,Switzerland,Ecuador,2.0,1.0, ,15,1635.92,1621.43,44,1464.39,1463.74
2014-06-15,France,Honduras,3.0,0.0, ,4,1759.78,1764.85,80,1301.98,1299.69
2014-06-15,Argentina,Bosnia and Herzegovina,2.0,1.0, ,3,1773.88,1770.65,58,1403.51,1403.98
2014-06-16,Germany,Portugal,4.0,0.0, ,11,1650.21,1658.96,9,1676.56,1678.65
2014-06-16,Iran,Nigeria,0.0,0.0, ,20,1564.61,1558.64,32,1498.47,1504.7
2014-06-16,Ghana,USA,1.0,2.0, ,61,1393.0,1393.47,16,1627.48,1635.01
2014-06-17,Belgium,Algeria,2.0,1.0, ,2,1816.71,1821.92,37,1489.1,1480.59
2014-06-17,Brazil,Mexico,0.0,0.0, ,1,1841.3,1837.56,13,1644.89,1649.57
2014-06-17,Russia,Korea Republic,1.0,1.0, ,33,1496.11,1493.42,28,1530.3,1526.02
2014-06-18,Australia,Netherlands,2.0,3.0, ,38,1488.72,1483.73,8,1694.51,1679.41
2014-06-18,Spain,Chile,0.0,2.0, ,7,1715.22,1716.93,29,1509.61,1514.86
2014-06-18,Cameroon,Croatia,0.0,4.0, ,43,1471.44,1484.95,12,1645.64,1632.15
2014-06-19,Colombia,Ivory Coast,2.0,1.0, ,17,1611.04,1604.07,48,1443.06,1435.91
2014-06-19,Uruguay,England,2.0,1.0, ,14,1638.71,1640.95,5,1728.47,1737.46
2014-06-19,Japan,Greece,0.0,0.0, ,24,1559.54,1554.69,52,1437.6,1441.45
2014-06-20,Italy,Costa Rica,0.0,1.0, ,6,1726.14,1713.86,31,1503.59,1500.06
2014-06-20,Switzerland,France,2.0,5.0, ,15,1635.92,1621.43,4,1759.78,1764.85
2014-06-20,Honduras,Ecuador,1.0,2.0, ,80,1301.98,1299.69,44,1464.39,1463.74
2014-06-21,Argentina,Iran,1.0,0.0, ,3,1773.88,1770.65,20,1564.61,1558.64
2014-06-21,Germany,Ghana,2.0,2.0, ,11,1650.21,1658.96,61,1393.0,1393.47
2014-06-21,Nigeria,Bosnia and Herzegovina,1.0,0.0, ,32,1498.47,1504.7,58,1403.51,1403.98
2014-06-22,Belgium,Russia,1.0,0.0, ,2,1816.71,1821.92,33,1496.11,1493.42
2014-06-22,Korea Republic,Algeria,2.0,4.0, ,28,1530.3,1526.02,37,1489.1,1480.59
2014-06-22,USA,Portugal,2.0,2.0, ,16,1627.48,1635.01,9,1676.56,1678.65
2014-06-23,Australia,Spain,0.0,3.0, ,38,1488.72,1483.73,7,1715.22,1716.93
2014-06-23,Netherlands,Chile,2.0,0.0, ,8,1694.51,1679.41,29,1509.61,1514.86
2014-06-23,Cameroon,Brazil,1.0,4.0, ,43,1471.44,1484.95,1,1841.3,1837.56
2014-06-23,Croatia,Mexico,1.0,3.0, ,12,1645.64,1632.15,13,1644.89,1649.57
2014-06-24,Italy,Uruguay,0.0,1.0, ,6,1726.14,1713.86,14,1638.71,1640.95
2014-06-24,Costa Rica,England,0.0,0.0, ,31,1503.59,1500.06,5,1728.47,1737.46
2014-06-24,Japan,Colombia,1.0,4.0, ,24,1559.54,1554.69,17,1611.04,1604.07
2014-06-24,Greece,Ivory Coast,2.0,1.0, ,52,1437.6,1441.45,48,1443.06,1435.91
2014-06-25,Nigeria,Argentina,2.0,3.0, ,32,1498.47,1504.7,3,1773.88,1770.65
2014-06-25,Bosnia and Herzegovina,Iran,3.0,1.0, ,58,1403.51,1403.98,20,1564.61,1558.64
2014-06-25,Honduras,Switzerland,0.0,3.0, ,80,1301.98,1299.69,15,1635.92,1621.43
2014-06-25,Ecuador,France,0.0,0.0, ,44,1464.39,1463.74,4,1759.78,1764.85
2014-06-26,USA,Germany,0.0,1.0, ,16,1627.48,1635.01,11,1650.21,1658.96
2014-06-26,Portugal,Ghana,2.0,1.0, ,9,1676.56,1678.65,61,1393.0,1393.47
2014-06-26,Korea Republic,Belgium,0.0,1.0, ,28,1530.3,1526.02,2,1816.71,1821.92
2014-06-26,Algeria,Russia,1.0,1.0, ,37,1489.1,1480.59,33,1496.11,1493.42
2014-06-28,Brazil,Chile,1.0,1.0,Brazil win on penalties (3 - 2) ,1,1841.3,1837.56,29,1509.61,1514.86
2014-06-28,Colombia,Uruguay,2.0,0.0, ,17,1611.04,1604.07,14,1638.71,1640.95
2014-06-30,France,Nigeria,2.0,0.0, ,4,1759.78,1764.85,32,1498.47,1504.7
2014-06-30,Germany,Algeria,2.0,1.0,Germany win after extra time ,11,1650.21,1658.96,37,1489.1,1480.59
2014-07-04,Brazil,Colombia,2.0,1.0, ,1,1841.3,1837.56,17,1611.04,1604.07
2014-07-04,France,Germany,0.0,1.0, ,4,1759.78,1764.85,11,1650.21,1658.96
2014-07-08,Brazil,Germany,1.0,7.0, ,1,1841.3,1837.56,11,1650.21,1658.96
2014-07-12,Brazil,Netherlands,0.0,3.0, ,1,1841.3,1837.56,8,1694.51,1679.41
2014-07-13,Germany,Argentina,1.0,0.0,Germany win after extra time ,11,1650.21,1658.96,3,1773.88,1770.65
2014-07-09,Netherlands,Argentina,0.0,0.0,Argentina win on penalties (2 - 4) ,8,1694.51,1679.41,3,1773.88,1770.65
2014-07-05,Netherlands,Costa Rica,0.0,0.0,Netherlands win on penalties (4 - 3) ,8,1694.51,1679.41,31,1503.59,1500.06
2014-07-05,Argentina,Belgium,1.0,0.0, ,3,1773.88,1770.65,2,1816.71,1821.92
2014-06-29,Netherlands,Mexico,2.0,1.0, ,8,1694.51,1679.41,13,1644.89,1649.57
2014-06-29,Costa Rica,Greece,1.0,1.0,Costa Rica win on penalties (5 - 3) ,31,1503.59,1500.06,52,1437.6,1441.45
2014-07-01,Argentina,Switzerland,1.0,0.0,Argentina win after extra time ,3,1773.88,1770.65,15,1635.92,1621.43
2014-07-01,Belgium,USA,2.0,1.0,Belgium win after extra time ,2,1816.71,1821.92,16,1627.48,1635.01
2014-06-28,Brazil,Chile,1.0,1.0,Brazil win on penalties (3 - 2) ,1,1841.3,1837.56,29,1509.61,1514.86
2014-06-28,Colombia,Uruguay,2.0,0.0, ,17,1611.04,1604.07,14,1638.71,1640.95
2014-06-29,Netherlands,Mexico,2.0,1.0, ,8,1694.51,1679.41,13,1644.89,1649.57
2014-06-29,Costa Rica,Greece,1.0,1.0,Costa Rica win on penalties (5 - 3) ,31,1503.59,1500.06,52,1437.6,1441.45
2014-06-30,France,Nigeria,2.0,0.0, ,4,1759.78,1764.85,32,1498.47,1504.7
2014-06-30,Germany,Algeria,2.0,1.0,Germany win after extra time ,11,1650.21,1658.96,37,1489.1,1480.59
2014-07-01,Argentina,Switzerland,1.0,0.0,Argentina win after extra time ,3,1773.88,1770.65,15,1635.92,1621.43
2014-07-01,Belgium,USA,2.0,1.0,Belgium win after extra time ,2,1816.71,1821.92,16,1627.48,1635.01
2014-07-04,France,Germany,0.0,1.0, ,4,1759.78,1764.85,11,1650.21,1658.96
2014-07-04,Brazil,Colombia,2.0,1.0, ,1,1841.3,1837.56,17,1611.04,1604.07
2014-07-05,Argentina,Belgium,1.0,0.0, ,3,1773.88,1770.65,2,1816.71,1821.92
2014-07-05,Netherlands,Costa Rica,0.0,0.0,Netherlands win on penalties (4 - 3) ,8,1694.51,1679.41,31,1503.59,1500.06
2014-07-08,Brazil,Germany,1.0,7.0, ,1,1841.3,1837.56,11,1650.21,1658.96
2014-07-09,Netherlands,Argentina,0.0,0.0,Argentina win on penalties (2 - 4) ,8,1694.51,1679.41,3,1773.88,1770.65
2014-07-12,Brazil,Netherlands,0.0,3.0, ,1,1841.3,1837.56,8,1694.51,1679.41
2014-07-13,Germany,Argentina,1.0,0.0,Germany win after extra time ,11,1650.21,1658.96,3,1773.88,1770.65
1971-11-14,Korea Republic,Vietnam,1.0,1.0,Korea Republic,28,1530.3,1526.02,96,1226.65,1218.84
1972-05-17,Thailand,Korea Republic,1.0,1.0,Korea Republic,111,1174.92,1170.69,28,1530.3,1526.02
1973-04-21,Senegal,Ghana,1.0,0.0,Ghana,18,1584.38,1584.59,61,1393.0,1393.47
1973-07-28,Myanmar,Korea Republic,0.0,0.0,Myanmar,158,1007.89,1011.91,28,1530.3,1526.02
1974-10-09,Syria,Morocco,1.0,1.0,Morocco,90,1255.92,1265.03,22,1563.5,1558.35
1974-11-22,Libya,Tunisia,1.0,0.0,Tunisia,120,1154.25,1148.36,30,1507.54,1507.86
1974-12-18,Korea Republic,Malaysia,0.0,0.0,Korea Republic,28,1530.3,1526.02,146,1062.32,1057.59
1975-07-13,Morocco,Ghana,2.0,0.0,Morocco,22,1563.5,1558.35,61,1393.0,1393.47
1976-06-20,Czechoslovakia,Germany,2.0,2.0,Czechoslovakia,64,24.0,24.0,11,1650.21,1658.96
1976-12-22,Korea Republic,Malaysia,1.0,1.0,Malaysia,28,1530.3,1526.02,146,1062.32,1057.59
1977-01-09,Tunisia,Morocco,1.0,1.0,Tunisia,30,1507.54,1507.86,22,1563.5,1558.35
1977-03-22,Argentina,Iran,1.0,1.0,Argentina,3,1773.88,1770.65,20,1564.61,1558.64
1977-07-27,Iran,Morocco,1.0,1.0,Iran,20,1564.61,1558.64,22,1563.5,1558.35
1977-08-31,Paraguay,Argentina,2.0,0.0,Paraguay,47,1448.77,1440.13,3,1773.88,1770.65
1979-04-29,Cameroon,Guinea,3.0,0.0,Guinea,43,1471.44,1484.95,83,1290.47,1294.89
1979-05-22,Argentina,Netherlands,0.0,0.0,Argentina,3,1773.88,1770.65,8,1694.51,1679.41
1980-07-12,Nigeria,Tunisia,2.0,0.0,Nigeria,32,1498.47,1504.7,30,1507.54,1507.86
1980-11-30,Zambia,Morocco,2.0,0.0,Morocco,88,1267.41,1270.8,22,1563.5,1558.35
1982-03-19,Libya,Ghana,1.0,1.0,Ghana,120,1154.25,1148.36,61,1393.0,1393.47
1982-05-17,Thailand,Korea Republic,0.0,0.0,Thailand,111,1174.92,1170.69,28,1530.3,1526.02
1983-02-06,Senegal,Niger,2.0,0.0,Senegal,18,1584.38,1584.59,121,1152.8,1155.23
1983-08-28,Morocco,Nigeria,0.0,0.0,Nigeria,22,1563.5,1558.35,32,1498.47,1504.7
1983-10-20,Brazil,Paraguay,0.0,0.0,Brazil,1,1841.3,1837.56,47,1448.77,1440.13
1984-02-19,Sierra Leone,Senegal,0.0,0.0,Senegal,117,1160.31,1169.71,18,1584.38,1584.59
1984-03-14,Algeria,Cameroon,0.0,0.0,Cameroon,37,1489.1,1480.59,43,1471.44,1484.95
1984-06-24,Denmark,Spain,1.0,1.0,Spain,10,1666.57,1665.47,7,1715.22,1716.93
1984-07-15,Senegal,Angola,1.0,0.0,Angola,18,1584.38,1584.59,119,1155.9,1149.08
1984-11-28,Ghana,Togo,1.0,1.0,Ghana,61,1393.0,1393.47,127,1128.92,1130.22
1984-12-13,Saudi Arabia,Iran,1.0,1.0,Saudi Arabia,51,1437.78,1435.74,20,1564.61,1558.64
1984-12-20,Congo,Cameroon,2.0,2.0,Cameroon,100,1208.79,1215.09,43,1471.44,1484.95
1985-07-12,Saudi Arabia,Qatar,0.0,0.0,Saudi Arabia,51,1437.78,1435.74,50,1439.89,1441.97
1986-03-21,Egypt,Cameroon,0.0,0.0,Egypt,39,1486.44,1482.63,43,1471.44,1484.95
1987-03-02,Senegal,Sierra Leone,0.0,0.0,Senegal,18,1584.38,1584.59,117,1160.31,1169.71
1987-06-19,Australia,Egypt,0.0,0.0,Australia,38,1488.72,1483.73,39,1486.44,1482.63
1987-06-21,Korea Republic,Australia,1.0,1.0,Korea Republic,28,1530.3,1526.02,38,1488.72,1483.73
1987-07-19,Congo DR,Senegal,0.0,0.0,Congo DR,73,1333.92,1332.84,18,1584.38,1584.59
1988-01-06,Korea Republic,Egypt,1.0,1.0,Korea Republic,28,1530.3,1526.02,39,1486.44,1482.63
1988-03-26,Morocco,Algeria,1.0,1.0,Algeria,22,1563.5,1558.35,37,1489.1,1480.59
1988-03-31,Germany,Sweden,1.0,1.0,Sweden,11,1650.21,1658.96,25,1553.33,1563.44
1988-05-05,Mali,Senegal,1.0,1.0,Mali,46,1448.85,1442.88,18,1584.38,1584.59
1988-05-28,Canada,Greece,0.0,0.0,Canada,41,1475.0,1473.82,52,1437.6,1441.45
1988-12-18,Korea Republic,Saudi Arabia,0.0,0.0,Saudi Arabia,28,1530.3,1526.02,51,1437.78,1435.74
1989-04-23,Ghana,Gabon,1.0,0.0,Gabon,61,1393.0,1393.47,81,1301.84,1301.84
1989-12-11,Chad,Cameroon,0.0,0.0,Cameroon,181,930.22,931.98,43,1471.44,1484.95
1990-01-28,Nigeria,Senegal,1.0,1.0,Nigeria,32,1498.47,1504.7,18,1584.38,1584.59
1990-08-03,China PR,Korea Republic,1.0,1.0,Korea Republic,79,1305.06,1305.06,28,1530.3,1526.02
1991-01-21,Cameroon,Algeria,0.0,0.0,Cameroon,43,1471.44,1484.95,37,1489.1,1480.59
1991-01-21,Senegal,Ivory Coast,0.0,0.0,Ivory Coast,18,1584.38,1584.59,48,1443.06,1435.91
1991-01-22,Senegal,Algeria,2.0,2.0,Senegal,18,1584.38,1584.59,37,1489.1,1480.59
1991-01-23,Ivory Coast,Cameroon,1.0,1.0,Ivory Coast,48,1443.06,1435.91,43,1471.44,1484.95
1991-06-14,Korea Republic,Australia,0.0,0.0,Korea Republic,28,1530.3,1526.02,38,1488.72,1483.73
1992-01-23,Cameroon,Ivory Coast,0.0,0.0,Ivory Coast,43,1471.44,1484.95,48,1443.06,1435.91
1992-01-26,Ghana,Ivory Coast,0.0,0.0,Ivory Coast,61,1393.0,1393.47,48,1443.06,1435.91
1992-06-22,Netherlands,Denmark,2.0,2.0,Denmark,8,1694.51,1679.41,10,1666.57,1665.47
1992-08-29,Japan,Korea Republic,2.0,2.0,Japan,24,1559.54,1554.69,28,1530.3,1526.02
1993-01-23,Japan,Switzerland,1.0,1.0,Switzerland,24,1559.54,1554.69,15,1635.92,1621.43
1993-02-24,Argentina,Denmark,1.0,1.0,Argentina,3,1773.88,1770.65,10,1666.57,1665.47
1993-06-27,Brazil,Argentina,1.0,1.0,Argentina,1,1841.3,1837.56,3,1773.88,1770.65
1993-07-01,Colombia,Argentina,0.0,0.0,Argentina,17,1611.04,1604.07,3,1773.88,1770.65
1993-08-15,Australia,Canada,2.0,1.0,Australia,38,1488.72,1483.73,41,1475.0,1473.82
1995-01-10,Denmark,Mexico,1.0,1.0,Denmark,10,1666.57,1665.47,13,1644.89,1649.57
1995-01-13,Mexico,Nigeria,1.0,1.0,Mexico,13,1644.89,1649.57,32,1498.47,1504.7
1995-02-26,Japan,Korea Republic,2.0,2.0,Japan,24,1559.54,1554.69,28,1530.3,1526.02
1995-07-17,Brazil,Argentina,2.0,2.0,Brazil,1,1841.3,1837.56,3,1773.88,1770.65
1995-07-17,USA,Mexico,0.0,0.0,USA,16,1627.48,1635.01,13,1644.89,1649.57
1995-07-23,Uruguay,Brazil,1.0,1.0,Uruguay,14,1638.71,1640.95,1,1841.3,1837.56
1995-12-02,Gabon,Cameroon,0.0,0.0,Cameroon,81,1301.84,1301.84,43,1471.44,1484.95
1995-12-07,Honduras,Costa Rica,1.0,1.0,Honduras,80,1301.98,1299.69,31,1503.59,1500.06
1996-01-28,Gabon,Tunisia,1.0,1.0,Tunisia,81,1301.84,1301.84,30,1507.54,1507.86
1996-02-22,Japan,Sweden,1.0,1.0,Sweden,24,1559.54,1554.69,25,1553.33,1563.44
1996-06-22,England,Spain,0.0,0.0,England,5,1728.47,1737.46,7,1715.22,1716.93
1996-06-22,France,Netherlands,0.0,0.0,France,4,1759.78,1764.85,8,1694.51,1679.41
1996-06-26,England,Germany,1.0,1.0,Germany,5,1728.47,1737.46,11,1650.21,1658.96
1996-06-26,France,Czechia,0.0,0.0,Czechia,4,1759.78,1764.85,35,1492.21,1502.9
1996-12-11,Morocco,Croatia,2.0,2.0,Croatia,22,1563.5,1558.35,12,1645.64,1632.15
1996-12-12,Croatia,Czechia,1.0,1.0,Croatia,12,1645.64,1632.15,35,1492.21,1502.9
1996-12-19,Iran,Saudi Arabia,0.0,0.0,Saudi Arabia,20,1564.61,1558.64,51,1437.78,1435.74
1996-12-21,United Arab Emirates,Saudi Arabia,0.0,0.0,Saudi Arabia,70,1337.57,1346.09,51,1437.78,1435.74
1997-02-07,Russia,Serbia,1.0,1.0,Russia,33,1496.11,1493.42,21,1563.62,1549.53
1997-06-22,Ecuador,Mexico,1.0,1.0,Mexico,44,1464.39,1463.74,13,1644.89,1649.57
1997-10-22,Cuba,Cameroon,1.0,1.0,Cuba,167,978.65,978.65,43,1471.44,1484.95
1998-01-31,Egypt,Korea Republic,1.0,1.0,Korea Republic,39,1486.44,1482.63,28,1530.3,1526.02
1998-02-21,Burkina Faso,Tunisia,1.0,1.0,Burkina Faso,54,1432.25,1425.64,30,1507.54,1507.86
1998-05-29,Belgium,England,0.0,0.0,Belgium,2,1816.71,1821.92,5,1728.47,1737.46
1998-05-29,Morocco,France,2.0,2.0,Morocco,22,1563.5,1558.35,4,1759.78,1764.85
1998-11-18,Guatemala,Mexico,2.0,2.0,Guatemala,118,1156.7,1161.96,13,1644.89,1649.57
1998-12-02,United Arab Emirates,Korea DPR,3.0,3.0,United Arab Emirates,70,1337.57,1346.09,112,1169.96,1169.96
1999-06-19,New Zealand,Poland,0.0,0.0,Poland,105,1193.98,1198.96,26,1548.59,1546.18
1999-07-10,Mexico,Peru,3.0,3.0,Mexico,13,1644.89,1649.57,23,1561.01,1562.24
2000-02-12,South Africa,Tunisia,2.0,2.0,South Africa,67,1349.59,1350.55,30,1507.54,1507.86
2000-02-13,Nigeria,Cameroon,2.0,2.0,Cameroon,32,1498.47,1504.7,43,1471.44,1484.95
2000-05-11,Senegal,Mali,2.0,2.0,Senegal,18,1584.38,1584.59,46,1448.85,1442.88
2000-06-04,France,Japan,2.0,2.0,France,4,1759.78,1764.85,24,1559.54,1554.69
2000-06-29,Netherlands,Italy,0.0,0.0,Italy,8,1694.51,1679.41,6,1726.14,1713.86
2000-10-04,United Arab Emirates,Korea Republic,1.0,1.0,United Arab Emirates,70,1337.57,1346.09,28,1530.3,1526.02
2001-01-27,Korea Republic,Paraguay,1.0,1.0,Korea Republic,28,1530.3,1526.02,47,1448.77,1440.13
2001-08-03,China PR,Korea DPR,2.0,2.0,Korea DPR,79,1305.06,1305.06,112,1169.96,1169.96
2001-08-05,Kuwait,Korea DPR,1.0,1.0,Korea DPR,149,1053.41,1053.41,112,1169.96,1169.96
2002-01-26,Canada,France,1.0,1.0,Canada,41,1475.0,1473.82,4,1759.78,1764.85
2002-01-27,Mexico,Korea Republic,0.0,0.0,Korea Republic,13,1644.89,1649.57,28,1530.3,1526.02
2002-01-30,USA,Canada,0.0,0.0,USA,16,1627.48,1635.01,41,1475.0,1473.82
2002-02-10,Senegal,Cameroon,0.0,0.0,Cameroon,18,1584.38,1584.59,43,1471.44,1484.95
2002-02-12,Cyprus,Switzerland,1.0,1.0,Cyprus,110,1183.82,1180.52,15,1635.92,1621.43
2002-02-16,Thailand,Korea DPR,0.0,0.0,Korea DPR,111,1174.92,1170.69,112,1169.96,1169.96
2002-05-19,Russia,Serbia,1.0,1.0,Serbia,33,1496.11,1493.42,21,1563.62,1549.53
2002-09-17,Iran,Morocco,1.0,1.0,Iran,20,1564.61,1558.64,22,1563.5,1558.35
2002-11-19,South Africa,Senegal,1.0,1.0,Senegal,67,1349.59,1350.55,18,1584.38,1584.59
2003-03-27,Tunisia,Ghana,2.0,2.0,Tunisia,30,1507.54,1507.86,61,1393.0,1393.47
2003-03-30,Ghana,Madagascar,3.0,3.0,Ghana,61,1393.0,1393.47,102,1200.74,1193.78
2004-02-11,Tunisia,Nigeria,1.0,1.0,Tunisia,30,1507.54,1507.86,32,1498.47,1504.7
2004-06-24,Portugal,England,2.0,2.0,Portugal,9,1676.56,1678.65,5,1728.47,1737.46
2004-06-26,Sweden,Netherlands,0.0,0.0,Netherlands,25,1553.33,1563.44,8,1694.51,1679.41
2004-07-21,Uruguay,Brazil,1.0,1.0,Brazil,14,1638.71,1640.95,1,1841.3,1837.56
2004-07-25,Argentina,Brazil,2.0,2.0,Brazil,3,1773.88,1770.65,1,1841.3,1837.56
2004-07-31,Japan,Jordan,1.0,1.0,Japan,24,1559.54,1554.69,84,1289.99,1279.74
2005-02-27,Costa Rica,Honduras,1.0,1.0,Costa Rica,31,1503.59,1500.06,80,1301.98,1299.69
2005-06-26,Mexico,Argentina,1.0,1.0,Argentina,13,1644.89,1649.57,3,1773.88,1770.65
2005-11-16,Australia,Uruguay,1.0,0.0,Australia,38,1488.72,1483.73,14,1638.71,1640.95
2006-02-04,Cameroon,Ivory Coast,1.0,1.0,Ivory Coast,43,1471.44,1484.95,48,1443.06,1435.91
2006-02-04,Nigeria,Tunisia,1.0,1.0,Nigeria,32,1498.47,1504.7,30,1507.54,1507.86
2007-07-10,Uruguay,Brazil,2.0,2.0,Brazil,14,1638.71,1640.95,1,1841.3,1837.56
2007-07-21,Japan,Australia,1.0,1.0,Japan,24,1559.54,1554.69,38,1488.72,1483.73
2007-07-22,Iran,Korea Republic,0.0,0.0,Korea Republic,20,1564.61,1558.64,28,1530.3,1526.02
2007-07-25,Iraq,Korea Republic,0.0,0.0,Iraq,68,1343.01,1338.91,28,1530.3,1526.02
2007-07-28,Korea Republic,Japan,0.0,0.0,Korea Republic,28,1530.3,1526.02,24,1559.54,1554.69
2008-06-20,Croatia,Turkey,1.0,1.0,Turkey,12,1645.64,1632.15,45,1460.14,1475.13
2008-06-22,Spain,Italy,0.0,0.0,Spain,7,1715.22,1716.93,6,1726.14,1713.86
2009-07-23,Costa Rica,Mexico,1.0,1.0,Mexico,31,1503.59,1500.06,13,1644.89,1649.57
2011-01-25,Japan,Korea Republic,2.0,2.0,Japan,24,1559.54,1554.69,28,1530.3,1526.02
2011-06-08,Uruguay,Netherlands,1.0,1.0,Uruguay,14,1638.71,1640.95,8,1694.51,1679.41
2011-06-18,Costa Rica,Honduras,1.0,1.0,Honduras,31,1503.59,1500.06,80,1301.98,1299.69
2011-07-16,Argentina,Uruguay,1.0,1.0,Uruguay,3,1773.88,1770.65,14,1638.71,1640.95
2011-07-17,Brazil,Paraguay,0.0,0.0,Paraguay,1,1841.3,1837.56,47,1448.77,1440.13
2012-06-24,England,Italy,0.0,0.0,Italy,5,1728.47,1737.46,6,1726.14,1713.86
2012-06-27,Portugal,Spain,0.0,0.0,Spain,9,1676.56,1678.65,7,1715.22,1716.93
2012-11-21,Argentina,Brazil,2.0,1.0,Brazil,3,1773.88,1770.65,1,1841.3,1837.56
2013-01-23,Sweden,Korea DPR,1.0,1.0,Sweden,25,1553.33,1563.44,112,1169.96,1169.96
2013-02-06,Burkina Faso,Ghana,1.0,1.0,Burkina Faso,54,1432.25,1425.64,61,1393.0,1393.47
2013-06-27,Spain,Italy,0.0,0.0,Spain,7,1715.22,1716.93,6,1726.14,1713.86
2015-01-23,Japan,United Arab Emirates,1.0,1.0,United Arab Emirates,24,1559.54,1554.69,70,1337.57,1346.09
2015-02-08,Ivory Coast,Ghana,0.0,0.0,Ivory Coast,48,1443.06,1435.91,61,1393.0,1393.47
2015-06-26,Argentina,Colombia,0.0,0.0,Argentina,3,1773.88,1770.65,17,1611.04,1604.07
2015-06-27,Brazil,Paraguay,1.0,1.0,Paraguay,1,1841.3,1837.56,47,1448.77,1440.13
2015-07-04,Chile,Argentina,0.0,0.0,Chile,29,1509.61,1514.86,3,1773.88,1770.65
2016-06-03,Bosnia and Herzegovina,Denmark,2.0,2.0,Bosnia and Herzegovina,58,1403.51,1403.98,10,1666.57,1665.47
2016-06-25,Switzerland,Poland,1.0,1.0,Poland,15,1635.92,1621.43,26,1548.59,1546.18
2016-06-26,Argentina,Chile,0.0,0.0,Chile,3,1773.88,1770.65,29,1509.61,1514.86
2016-06-30,Poland,Portugal,1.0,1.0,Portugal,26,1548.59,1546.18,9,1676.56,1678.65
2016-07-02,Germany,Italy,1.0,1.0,Germany,11,1650.21,1658.96,6,1726.14,1713.86
2017-01-11,Chile,Croatia,1.0,1.0,Chile,29,1509.61,1514.86,12,1645.64,1632.15
2017-01-14,China PR,Croatia,1.0,1.0,China PR,79,1305.06,1305.06,12,1645.64,1632.15
2017-06-28,Portugal,Chile,0.0,0.0,Chile,9,1676.56,1678.65,29,1509.61,1514.86
2018-07-01,Russia,Spain,1.0,1.0,Russia,33,1496.11,1493.42,7,1715.22,1716.93
2018-07-01,Croatia,Denmark,1.0,1.0,Croatia,12,1645.64,1632.15,10,1666.57,1665.47
2018-07-03,Colombia,England,1.0,1.0,England,17,1611.04,1604.07,5,1728.47,1737.46
2018-07-07,Russia,Croatia,2.0,2.0,Croatia,33,1496.11,1493.42,12,1645.64,1632.15
2019-01-21,Australia,Uzbekistan,0.0,0.0,Australia,38,1488.72,1483.73,77,1309.98,1306.63
2019-06-09,Switzerland,England,0.0,0.0,England,15,1635.92,1621.43,5,1728.47,1737.46
2019-06-27,Brazil,Paraguay,0.0,0.0,Brazil,1,1841.3,1837.56,47,1448.77,1440.13
2019-06-29,Mexico,Costa Rica,1.0,1.0,Mexico,13,1644.89,1649.57,31,1503.59,1500.06
2019-07-05,Morocco,Benin,1.0,1.0,Benin,22,1563.5,1558.35,91,1247.47,1258.71
2019-07-08,Ghana,Tunisia,1.0,1.0,Tunisia,61,1393.0,1393.47,30,1507.54,1507.86
2020-11-12,Serbia,Scotland,1.0,1.0,Scotland,21,1563.62,1549.53,40,1479.53,1462.96
2021-06-03,Mexico,Costa Rica,0.0,0.0,Mexico,13,1644.89,1649.57,31,1503.59,1500.06
2021-06-06,Honduras,Costa Rica,2.0,2.0,Honduras,80,1301.98,1299.69,31,1503.59,1500.06
2021-06-28,France,Switzerland,3.0,3.0,Switzerland,4,1759.78,1764.85,15,1635.92,1621.43
2021-07-02,Switzerland,Spain,1.0,1.0,Spain,15,1635.92,1621.43,7,1715.22,1716.93
2021-07-06,Argentina,Colombia,1.0,1.0,Argentina,3,1773.88,1770.65,17,1611.04,1604.07
2021-07-06,Italy,Spain,1.0,1.0,Italy,6,1726.14,1713.86,7,1715.22,1716.93
2021-07-11,England,Italy,1.0,1.0,Italy,5,1728.47,1737.46,6,1726.14,1713.86
2021-07-16,Senegal,Eswatini,2.0,2.0,Senegal,18,1584.38,1584.59,143,1070.89,1070.89
2021-07-18,South Africa,Senegal,0.0,0.0,South Africa,67,1349.59,1350.55,18,1584.38,1584.59
2021-12-11,Morocco,Algeria,2.0,2.0,Algeria,22,1563.5,1558.35,37,1489.1,1480.59
2022-02-03,Cameroon,Egypt,0.0,0.0,Egypt,43,1471.44,1484.95,39,1486.44,1482.63
2022-02-05,Cameroon,Burkina Faso,3.0,3.0,Cameroon,43,1471.44,1484.95,54,1432.25,1425.64
2022-02-06,Senegal,Egypt,0.0,0.0,Senegal,18,1584.38,1584.59,39,1486.44,1482.63
2022-03-29,Senegal,Egypt,1.0,0.0,Senegal,18,1584.38,1584.59,39,1486.44,1482.63
2022-06-13,Australia,Peru,0.0,0.0,Australia,38,1488.72,1483.73,23,1561.01,1562.24
2022-06-14,Chile,Ghana,0.0,0.0,Ghana,29,1509.61,1514.86,61,1393.0,1393.47
